GF1>+ - Capture,,,,,,,,,,,GF1>Kir2.1 - Capture,,,,,,,,,,,,,,,,,,,,,,,,,,,GF1>+ - Escape,,,,,,,,,,,,,,,GF1>Kir2.1 - Escape,,,,,,,,,,,
Time (ms),Azimuth Angle,Time (ms),Azimuth Angle,Time (ms),Azimuth Angle,Time (ms),Azimuth Angle,Time (ms),Azimuth Angle,,Time (ms),Azimuth Angle,Time (ms),Azimuth Angle,Time (ms),Azimuth Angle,Time (ms),Azimuth Angle,Time (ms),Azimuth Angle,Time (ms),Azimuth Angle,Time (ms),Azimuth Angle,Time (ms),Azimuth Angle,Time (ms),Azimuth Angle,Time (ms),Azimuth Angle,Time (ms),Azimuth Angle,Time (ms),Azimuth Angle,Time (ms),Azimuth Angle,,Time (ms),Azimuth Angle,Time (ms),Azimuth Angle,Time (ms),Azimuth Angle,Time (ms),Azimuth Angle,Time (ms),Azimuth Angle,Time (ms),Azimuth Angle,Time (ms),Azimuth Angle,,Time (ms),Azimuth Angle,Time (ms),Azimuth Angle,Time (ms),Azimuth Angle,Time (ms),Azimuth Angle,Time (ms),Azimuth Angle,Time (ms),Azimuth Angle
-215,50.05286335,-91,62.69872896,-126,88.89977615,-187,87.0057865,-117,54.50789264,,-88,76.80622296,-91,57.86105974,-143,79.04892782,-107,65.79538023,-102,68.86439508,-75,75.06747734,-85,68.18203742,-82,84.59439128,-69,79.30855714,-58,64.49825585,-125,77.2075602,-87,84.57675113,-63,43.18274695,,-63,43.18274695,-52,83.88723124,-128,59.16731536,-90,79.93738342,-78,68.33502663,-134,86.68093833,-44,78.61962983,,-44,78.61962983,-75,81.7277927,-78,74.48847462,-116,67.53409404,-285,85.1123199,-110,63.0675991
-214,50.0112435,-90,62.7322908,-125,88.86048737,-186,86.92644106,-116,54.5842475,,-87,76.73197497,-90,57.88359477,-142,79.06993273,-106,65.79175213,-101,68.87251487,-74,75.15510632,-84,68.15707351,-81,84.50629562,-68,79.26905834,-57,64.52951245,-124,77.17221984,-86,84.48331875,-62,43.52052453,,-62,43.52052453,-51,83.85672381,-127,59.20344826,-89,79.88129877,-77,68.32355811,-133,86.64695485,-43,78.65036884,,-43,78.65036884,-74,81.6745127,-77,74.40033152,-115,67.6039613,-284,85.11190908,-109,63.10256816
-213,49.96865296,-89,62.76630189,-124,88.81971833,-185,86.84450479,-115,54.66296183,,-86,76.65599751,-89,57.9057915,-141,79.09100443,-105,65.7879765,-100,68.8859481,-73,75.24509722,-83,68.13193556,-80,84.41611603,-67,79.22649761,-56,64.56080938,-123,77.13924874,-85,84.38658743,-61,43.87483298,,-61,43.87483298,-50,83.82546414,-126,59.24118503,-88,79.8245476,-76,68.31227057,-132,86.61316245,-42,78.68246332,,-42,78.68246332,-73,81.62026694,-76,74.30836721,-114,67.67637867,-283,85.11191646,-108,63.13607132
-212,49.92514351,-88,62.8006946,-123,88.77748377,-184,86.76004688,-114,54.74398281,,-85,76.57838306,-88,57.92754634,-140,79.11207012,-104,65.78404814,-99,68.90506151,-72,75.33741468,-82,68.10667803,-79,84.32394543,-66,79.1807383,-55,64.59204245,-122,77.10898665,-84,84.28658347,-60,44.24600046,,-60,44.24600046,-49,83.79346755,-125,59.28054024,-87,79.76726535,-75,68.30122645,-131,86.57968234,-41,78.71591548,,-41,78.71591548,-72,81.56516586,-75,74.21256853,-113,67.75131842,-282,85.11237678,-107,63.16787609
-211,49.88077374,-87,62.83541887,-122,88.73380084,-183,86.67314704,-113,54.82725809,,-84,76.49922962,-87,57.94875111,-139,79.13304857,-103,65.77995218,-98,68.93019326,-71,75.43202221,-81,68.08136599,-78,84.22987924,-65,79.13167179,-54,64.62310066,-121,77.08174945,-83,84.18330719,-59,44.63428664,,-59,44.63428664,-48,83.76073311,-124,59.32152116,-86,79.70957882,-74,68.2904828,-130,86.54662989,-40,78.75072228,,-40,78.75072228,-71,81.50932631,-74,74.11292642,-112,67.82875061,-281,85.11332685,-106,63.19774882
-210,49.83560877,-86,62.8704421,-121,88.68868887,-182,86.58389599,-112,54.91273575,,-83,76.41864029,-86,57.96929277,-138,79.15385036,-102,65.77566165,-97,68.96165211,-70,75.52888488,-80,68.05607467,-77,84.1340149,-64,79.07921643,-53,64.65386554,-120,77.05782788,-82,84.07673376,-58,45.03988242,,-58,45.03988242,-47,83.72724335,-123,59.36412775,-85,79.65160575,-73,68.28009155,-129,86.51411397,-39,78.78687509,,-39,78.78687509,-70,81.45287068,-73,74.00943661,-111,67.90864315,-280,85.11480537,-105,63.22545558
-209,49.78971983,-85,62.90574768,-120,88.64216962,-181,86.49239591,-111,55.00036408,,-82,76.33672251,-85,57.9890545,-137,79.17437862,-101,65.77113749,-96,68.99971751,-69,75.62797329,-79,68.03088828,-76,84.03645118,-63,79.02331404,-52,64.6842102,-119,77.03748816,-81,83.96681569,-57,45.46291214,,-57,45.46291214,-46,83.69296473,-122,59.40835334,-84,79.59345542,-72,68.27010089,-128,86.48223688,-38,78.82435939,,-38,78.82435939,-69,81.3959255,-72,73.90210076,-110,67.99096181,-279,85.11685246,-104,63.25076306
-208,49.74318339,-84,62.94133304,-119,88.59426803,-180,86.39876073,-110,55.09009123,,-81,76.25358703,-84,58.00791767,-136,79.19452972,-100,65.76632953,-95,69.04463919,-68,75.7292676,-78,68.00589829,-75,83.9372871,-62,78.9639269,-51,64.71399842,-118,77.02097267,-80,83.85348509,-56,45.9034296,,-56,45.9034296,-45,83.65784813,-121,59.45418568,-83,79.53522913,-71,68.26055676,-127,86.45109451,-37,78.86315426,,-37,78.86315426,-68,81.33862071,-71,73.79092719,-109,68.0756701,-278,85.11950913,-103,63.27343961
-207,49.696079,-83,62.97720785,-118,88.54501311,-179,86.30311634,-109,55.1818652,,-80,76.16934726,-83,58.02576362,-135,79.21419352,-99,65.76117753,-94,69.09663687,-67,75.83275964,-77,67.98120131,-74,83.83662106,-61,78.9010361,-50,64.74308376,-117,77.00850065,-79,83.73665625,-55,46.36140952,,-55,46.36140952,-44,83.62182916,-120,59.50160754,-82,79.47702045,-70,68.2515036,-126,86.42077642,-36,78.90323175,,-36,78.90323175,-67,81.28108979,-70,73.67593142,-108,68.16272924,-277,85.12281676,-102,63.29325651
-206,49.64848657,-82,63.01339211,-117,88.49443885,-178,86.20560091,-108,55.27563429,,-79,76.08411927,-82,58.04247562,-134,79.2332534,-98,65.7556118,-93,69.15590034,-66,75.93845228,-76,67.95689727,-73,83.73455029,-60,78.83464082,-49,64.77130874,-116,77.00026877,-78,83.61622795,-54,46.83674129,,-54,46.83674129,-43,83.58482847,-119,59.55059709,-81,79.41891552,-69,68.24298392,-125,86.39136616,-35,78.94455613,,-35,78.94455613,-66,81.22347041,-69,73.5571364,-107,68.2520982,-276,85.12681692,-101,63.30999057
-205,49.6004841,-81,63.04991425,-116,88.44258562,-177,86.1063651,-107,55.3713474,,-78,75.99802165,-81,58.05793987,-133,79.25158637,-97,65.74955351,-92,69.22259008,-65,76.04635757,-75,67.93308826,-72,83.63117068,-59,78.76475719,-48,64.79850379,-115,76.9964516,-77,83.49208542,-53,47.32922869,,-53,47.32922869,-42,83.54675173,-118,59.60112828,-80,79.36099377,-68,68.23503759,-124,86.36294175,-34,78.98708334,,-34,78.98708334,-65,81.16590491,-68,73.4345726,-106,68.34373398,-275,85.13155114,-100,63.32342892
-204,49.55214619,-80,63.08680902,-115,88.38950175,-176,86.00557134,-106,55.46895434,,-77,75.91117516,-80,58.07204509,-132,79.26906349,-96,65.74291507,-91,69.29683805,-64,76.15649494,-74,67.90987784,-71,83.52657697,-58,78.69141605,-47,64.82448617,-114,76.9972021,-76,83.36410221,-52,47.83859361,,-52,47.83859361,-41,83.50748974,-117,59.6531712,-79,79.30332874,-67,68.22770144,-123,86.33557603,-33,79.03076048,,-33,79.03076048,-64,81.10854012,-67,73.30827952,-105,68.43759205,-274,85.13706076,-99,63.33337467
-203,49.50354309,-79,63.12411536,-114,88.3352444,-175,85.90339074,-105,55.56840591,,-76,75.82370265,-79,58.08468176,-131,79.28555082,-95,65.73560167,-90,69.37874805,-63,76.2688899,-73,67.88737063,-70,83.42086296,-57,78.61465911,-46,64.84905856,-113,77.0026523,-75,83.23214223,-51,48.36448072,,-51,48.36448072,-40,83.46691847,-116,59.70669257,-78,79.24598881,-66,68.22100933,-122,86.30933675,-32,79.07552542,,-32,79.07552542,-63,81.05152669,-66,73.17830856,-104,68.53362681,-273,85.14338664,-98,63.33965021
-202,49.45473998,-78,63.16187393,-113,88.27987976,-174,85.79999861,-104,55.66965398,,-75,75.73572923,-78,58.09574186,-130,79.30091064,-94,65.72751437,-89,69.46839574,-62,76.38357322,-72,67.86567217,-69,83.31412108,-56,78.53453629,-45,64.87200705,-112,77.01291384,-74,83.09606211,-50,48.90646321,,-50,48.90646321,-39,83.42489943,-115,59.76165642,-77,79.18903766,-65,68.21499237,-121,86.28428678,-31,79.12130653,,-31,79.12130653,-62,80.99501804,-65,73.04472512,-103,68.63179197,-272,85.15056887,-97,63.34209796
-201,49.4057969,-77,63.20012372,-112,88.22348302,-173,85.69557137,-103,55.77265107,,-74,75.64738197,-77,58.10512107,-129,79.31500288,-93,65.71855317,-88,69.5658287,-61,76.50057969,-71,67.8448888,-68,83.20644082,-55,78.45110977,-44,64.89309838,-111,77.02807819,-73,82.95571372,-49,49.46404809,,-49,49.46404809,-38,83.38128038,-114,59.81802489,-76,79.13253462,-64,68.20967863,-120,86.26048435,-30,79.16802266,,-30,79.16802266,-61,80.93916904,-64,72.90760926,-102,68.7320408,-271,85.15864657,-96,63.34058067
-200,49.35676964,-76,63.2388996,-111,88.16613835,-172,85.5902859,-102,55.87734961,,-73,75.55878833,-76,58.11272281,-128,79.32768666,-92,65.70861948,-87,69.67106629,-60,76.61994693,-70,67.82512737,-67,83.09790674,-54,78.3644644,-43,64.91207719,-110,77.04821709,-72,82.81094608,-48,50.03667752,,-48,50.03667752,-37,83.33589592,-113,59.8757587,-75,79.07653503,-63,68.20509241,-119,86.23798321,-29,79.21558381,,-29,79.21558381,-60,80.88413472,-63,72.76705484,-101,68.83432623,-270,85.16765769,-95,63.3349813
-199,49.30771087,-75,63.2782329,-110,88.10793892,-171,85.48431973,-101,55.98370123,,-72,75.47007416,-75,58.11846038,-127,79.33882182,-91,65.69761759,-86,69.78409926,-59,76.74171513,-69,67.80649492,-66,82.98859761,-53,78.27471707,-42,64.92866362,-109,77.07338308,-71,82.66160737,-47,50.62372991,,-47,50.62372991,-36,83.28856773,-112,59.93481721,-74,79.02109056,-62,68.20125337,-118,86.21683302,-28,79.26389303,,-28,79.26389303,-59,80.83006922,-62,72.62316588,-100,68.9386007,-269,85.17763881,-94,63.32520139
-198,49.25867188,-74,63.31815439,-109,88.0489872,-170,85.37785141,-100,56.09165616,,-71,75.38136307,-74,58.12225552,-126,79.34827011,-90,65.68545491,-85,69.90488965,-58,76.8659275,-68,67.78909828,-65,82.87858674,-52,78.18202209,-41,64.94255138,-108,77.1036099,-70,82.50754721,-46,51.22452602,,-46,51.22452602,-35,83.2391046,-111,59.99515827,-73,78.9662494,-61,68.19817607,-117,86.19707974,-27,79.31284949,,-27,79.31284949,-58,80.77712468,-61,72.47605081,-99,69.04481575,-268,85.18862491,-93,63.3111582
-197,49.20970494,-73,63.35869616,-108,87.98939549,-169,85.27106088,-99,56.20116297,,-70,75.29277633,-73,58.12403818,-125,79.35589641,-89,65.67204149,-84,70.0333707,-57,76.99263005,-67,67.77304374,-64,82.76794256,-51,78.08657502,-40,64.95340611,-107,77.13891291,-69,82.34861913,-45,51.83833722,,-45,51.83833722,-34,83.18730234,-110,60.05673827,-72,78.91205617,-60,68.19587012,-116,86.17876613,-26,79.36235128,,-26,79.36235128,-57,80.72545007,-60,72.32581789,-98,69.15292151,-267,85.2006492,-92,63.29278264
-196,49.16086477,-72,63.39989151,-107,87.92928624,-168,85.16412973,-98,56.31216843,,-69,75.20443217,-72,58.12374908,-124,79.36156929,-88,65.6572896,-83,70.16944646,-56,77.12187068,-66,67.75843654,-63,82.65672928,-50,77.98861674,-39,64.96086318,-106,77.17928955,-68,82.18468268,-44,52.46438969,,-44,52.46438969,-33,83.13294404,-109,60.11951228,-71,78.85855188,-59,68.19434147,-115,86.1619321,-25,79.41229688,,-25,79.41229688,-56,80.67519032,-59,72.17257177,-97,69.26286656,-266,85.2137431,-91,63.2700183
-195,49.11220886,-71,63.44177396,-106,87.86879173,-167,85.05724148,-97,56.42461735,,-68,75.11644439,-71,58.12134182,-123,79.36516081,-87,65.64111349,-82,70.31299113,-55,77.25369847,-65,67.74538029,-62,82.54500757,-49,77.88843819,-38,64.96452418,-105,77.22471969,-67,82.01560571,-43,53.10186661,,-43,53.10186661,-32,83.0758004,-108,60.18343449,-70,78.80577436,-58,68.19359368,-114,86.14661503,-24,79.46258525,,-24,79.46258525,-55,80.62648624,-58,72.01640913,-96,69.3745979,-265,85.22793629,-90,63.2428216
-194,49.06379736,-70,63.48437633,-105,87.80805341,-166,84.95058192,-96,56.5384529,,-67,75.02892043,-70,58.11678312,-122,79.36654605,-86,65.62342937,-81,70.46384822,-54,77.38816396,-64,67.73397623,-61,82.432835,-48,77.786386,-37,64.96395248,-104,77.27516581,-66,81.84126667,-42,53.74991454,,-42,53.74991454,-31,83.01563009,-107,60.24845904,-69,78.75375896,-57,68.1936281,-113,86.13284996,-23,79.51311539,,-23,79.51311539,-54,80.57947476,-57,71.85741432,-95,69.48806115,-264,85.24325678,-89,63.21116301
-193,49.015693,-69,63.52772999,-104,87.74722125,-165,84.84433945,-95,56.65361714,,-66,74.94195972,-69,58.11005354,-121,79.3656027,-85,65.60415632,-80,70.62182943,-53,77.5253221,-63,67.72432241,-60,82.32026579,-47,77.68286935,-36,64.95866883,-103,77.33057296,-65,81.66155661,-41,54.40765284,,-41,54.40765284,-30,82.95217991,-106,60.31454089,-68,78.70253876,-56,68.19444342,-112,86.12066951,-22,79.56378567,,-22,79.56378567,-53,80.53428881,-56,71.69565567,-94,69.60320093,-263,85.25973084,-88,63.17502863
-192,48.96796035,-68,63.57186416,-103,87.68645327,-164,84.73870508,-94,56.77005154,,-65,74.85565287,-68,58.10114967,-120,79.36221073,-84,65.58321793,-79,70.78671296,-52,77.66523824,-62,67.71651294,-59,82.20734929,-46,77.57836298,-35,64.948147,-102,77.39086905,-64,81.47638086,-40,55.0741808,,-40,55.0741808,-29,82.88518479,-105,60.38163618,-67,78.65214428,-55,68.19603521,-111,86.11010395,-21,79.61449324,,-21,79.61449324,-52,80.49105662,-55,71.53118292,-93,69.71996118,-262,85.27738299,-87,63.13442067
-191,48.92066423,-67,63.61680539,-102,87.62591442,-163,84.6338719,-93,56.88769705,,-64,74.7700814,-67,58.0900865,-119,79.35625203,-83,65.56054426,-78,70.95824232,-51,77.80799514,-61,67.71063726,-58,82.09412768,-45,77.47339525,-34,64.93180906,-101,77.455965,-63,81.2856606,-39,55.74858313,,-39,55.74858313,-28,82.81436743,-104,60.44970205,-66,78.60260277,-54,68.19839553,-110,86.10118142,-20,79.66513363,,-20,79.66513363,-51,80.44990055,-54,71.36402596,-92,69.83828523,-261,85.29623594,-86,63.08935649
-190,48.87386819,-66,63.66257687,-101,87.56577486,-162,84.53003401,-92,57.00649395,,-63,74.68531744,-66,58.07689859,-118,79.34760957,-82,65.53607355,-77,71.13612618,-50,77.9536967,-60,67.70677935,-57,81.98063393,-44,77.36852071,-33,64.9090198,-100,77.52575431,-62,81.0893342,-38,56.42993232,,-38,56.42993232,-27,82.73943765,-103,60.51869622,-65,78.55393767,-53,68.2015124,-109,86.09392824,-19,79.71560045,,-19,79.71560045,-50,80.41093601,-53,71.19419376,-91,69.95811599,-260,85.31631048,-85,63.03986489
-189,48.82763448,-65,63.7091979,-100,87.50620768,-161,84.42738505,-91,57.12638174,,-62,74.60142378,-65,58.06163974,-117,79.33616653,-81,65.50975302,-76,71.32003922,-49,78.10246669,-59,67.70501713,-56,81.86689068,-43,77.26429413,-32,64.87907958,-99,77.60011236,-61,80.88735871,-37,57.11728333,,-37,57.11728333,-26,82.66009155,-102,60.58857677,-64,78.50616855,-52,68.20536972,-108,86.0883692,-18,79.76578495,,-18,79.76578495,-49,80.37427104,-52,71.0216729,-90,70.07939643,-259,85.33762538,-84,62.98598082
-188,48.78202662,-64,63.75668331,-99,87.44738642,-160,84.32611552,-90,57.24729908,,-61,74.51845397,-64,58.0443814,-116,79.32180571,-80,65.48153888,-75,71.50962397,-48,78.2544448,-58,67.7054225,-55,81.75290984,-42,77.16125698,-31,64.84121572,-98,77.67889542,-60,80.67971145,-36,57.80966445,,-36,57.80966445,-25,82.57601055,-101,60.65930208,-63,78.45931137,-51,68.20994791,-107,86.08452771,-17,79.81557554,,-17,79.81557554,-48,80.34000622,-51,70.84642804,-89,70.20207009,-258,85.36019738,-83,62.92774205
-187,48.73711161,-63,63.80504186,-98,87.38948269,-159,84.22640925,-89,57.36918372,,-60,74.43645224,-63,58.02521008,-115,79.30440917,-79,65.45139611,-74,71.70449344,-47,78.40978314,-57,67.7080616,-54,81.63869275,-41,77.05993341,-30,64.79457305,-97,77.76194007,-59,80.46639128,-35,58.50607122,,-35,58.50607122,-24,82.4868589,-100,60.73083093,-62,78.41337885,-50,68.2152255,-106,86.08242538,-16,79.86485732,,-16,79.86485732,-47,80.30823436,-50,70.66840831,-88,70.32608147,-257,85.38404125,-82,62.86518914
-186,48.6929583,-62,63.854272,-97,87.33266575,-158,84.12844046,-88,57.49197282,,-59,74.35545325,-62,58.00422485,-114,79.28385834,-78,65.41929802,-73,71.90423393,-46,78.56864428,-56,67.7129952,-53,81.52423035,-40,76.96082999,-29,64.73820497,-96,77.84906334,-58,80.24741898,-34,59.20546388,,-34,59.20546388,-23,82.39227885,-99,60.80312276,-61,78.3683806,-49,68.22118125,-105,86.08208144,-15,79.91351188,,-15,79.91351188,-46,80.27904006,-49,70.4875571,-87,70.45137604,-256,85.40916993,-81,62.79836667
-185,48.64963379,-61,63.90435627,-96,87.27710445,-157,84.03237259,-87,57.61560363,,-58,74.27548258,-61,57.98153608,-113,79.26003462,-77,65.38522543,-72,72.10840759,-45,78.73120219,-55,67.72027892,-52,81.40950318,-39,76.86443666,-28,64.67106579,-95,77.9400647,-57,80.0228371,-33,59.90676847,,-33,59.90676847,-22,82.29188565,-98,60.8761382,-60,78.32432305,-48,68.22779549,-104,86.08351265,-14,79.96141705,,-14,79.96141705,-45,80.25249933,-48,70.3038169,-86,70.57789997,-255,85.43559449,-80,62.72732395
-184,48.60720149,-60,63.95525821,-95,87.22296895,-156,83.93835816,-86,57.74001444,,-57,74.19655806,-60,57.95726579,-112,79.23282021,-76,65.3491658,-71,72.31655583,-44,78.89764542,-54,67.72996352,-51,81.29448159,-38,76.77122842,-27,64.5920031,-94,78.03473117,-56,79.79270982,-32,60.60888341,,-32,60.60888341,-21,82.18526405,-97,60.9498399,-59,78.2812093,-47,68.23505109,-103,86.08673418,-13,80.00844662,,-13,80.00844662,-44,80.22867969,-47,70.1171269,-85,70.70559957,-254,85.46332401,-79,62.65211519
-183,48.56572049,-59,64.00692297,-94,87.17043126,-155,83.84653898,-85,57.86514512,,-56,74.11869162,-59,57.93154885,-111,79.20209883,-75,65.31111274,-70,72.52820596,-43,79.06817933,-53,67.74209523,-50,81.17912602,-37,76.68166757,-26,64.4997475,-93,78.132844,-55,79.55712189,-31,61.31069306,,-31,61.31069306,-20,82.07196619,-96,61.02419278,-58,78.23903926,-46,68.24293378,-102,86.09176064,-12,80.05447044,,-12,80.05447044,-43,80.20764058,-46,69.92741747,-84,70.83442109,-253,85.49236545,-78,62.57279889
-182,48.52524553,-58,64.05928031,-93,87.1196654,-154,83.7570465,-84,57.9909372,,-55,74.04189094,-58,57.90453421,-110,79.16775621,-74,65.27106641,-69,72.74287975,-42,79.24302533,-52,67.75671586,-49,81.06338651,-36,76.59620515,-25,64.39289796,-92,78.23418479,-54,79.31617751,-30,62.01108417,,-30,62.01108417,-19,81.95150983,-95,61.09916397,-57,78.1978098,-45,68.25142932,-101,86.09860676,-11,80.0993548,,-11,80.0993548,-42,80.18943391,-45,69.7346042,-83,70.9643105,-252,85.52272361,-77,62.48943563
-181,48.48582729,-57,64.11224984,-92,87.07084713,-153,83.67000208,-83,58.1173335,,-54,73.96615991,-57,57.87638582,-109,79.12968043,-73,65.22903362,-68,72.9600999,-41,79.42241851,-51,67.77386296,-48,80.94720172,-35,76.51528168,-24,64.26990313,-91,78.33854295,-53,79.07000033,-29,62.70895834,,-29,62.70895834,-18,81.82337621,-94,61.17472259,-56,78.15751456,-44,68.26051695,-100,86.10728766,-10,80.14296301,,-10,80.14296301,-41,80.17410472,-44,69.53858184,-82,71.09521363,-251,85.55440125,-76,62.40208499
-180,48.44751292,-56,64.16574734,-91,87.02415248,-152,83.58551732,-82,58.24427782,,-53,73.89149879,-56,57.84728342,-108,79.08776242,-72,65.18502666,-67,73.17939419,-40,79.60660658,-50,67.79356984,-47,80.83049803,-34,76.43932718,-23,64.12903927,-90,78.44572348,-52,78.81873409,-28,63.40323798,,-28,63.40323798,-17,81.68700612,-93,61.25083963,-55,78.11814366,-43,68.27016423,-99,86.11781912,-9,80.18515632,,-9,80.18515632,-40,80.16169264,-43,69.33921998,-81,71.2270763,-250,85.58739921,-75,62.31080368
-179,48.41034677,-55,64.21969032,-90,86.97975602,-151,83.50369426,-81,58.37171461,,-52,73.81790472,-55,57.8174235,-107,79.04189616,-71,65.13906121,-66,73.40030003,-39,79.79585095,-49,67.81586547,-46,80.71318909,-33,76.36876089,-22,63.96838382,-89,78.55554987,-51,78.56254196,-27,64.0928684,,-27,64.0928684,-16,81.54179405,-92,61.3274879,-54,78.07968379,-42,68.28032567,-98,86.13021761,-8,80.22579567,,-8,80.22579567,-39,80.15223448,-42,69.13636079,-80,71.35984423,-249,85.62171648,-74,62.21564598
-178,48.37437042,-54,64.27400098,-89,86.93782967,-150,83.4246253,-80,58.49958874,,-51,73.74537262,-54,57.78702039,-106,78.99197864,-70,65.09115481,-65,73.62236972,-38,79.99042882,-48,67.84077432,-45,80.59517497,-32,76.30399063,-21,63.78578286,-88,78.66786117,-50,78.30160449,-26,64.77681991,,-26,64.77681991,-15,81.38708261,-91,61.40464196,-53,78.04211833,-41,68.2909418,-97,86.14450032,-7,80.26474416,,-7,80.26474416,-38,80.14576637,-41,68.92981747,-79,71.49346242,-248,85.65735021,-73,62.11666512
-177,48.33962143,-53,64.32860659,-88,86.89854192,-149,83.3483931,-79,58.62784578,,-50,73.67389602,-53,57.75630641,-105,78.93790954,-69,65.04132666,-64,73.84517406,-37,80.19063562,-47,67.86831623,-44,80.47634061,-31,76.24541252,-20,63.57881128,-87,78.78250703,-49,78.03611821,-25,65.45409323,,-25,65.45409323,-14,81.22215888,-90,61.4822785,-52,78.0054272,-40,68.30193779,-96,86.16068495,-6,80.30187024,,-6,80.30187024,-37,80.14232396,-40,68.7193722,-78,71.62787458,-247,85.6942959,-72,62.01391553
-176,48.30613162,-52,64.38343814,-87,86.8620571,-148,83.2750704,-78,58.75643272,,-49,73.6034672,-52,57.72553097,-104,78.87959094,-68,64.98959874,-63,74.06830322,-36,80.39678678,-46,67.89850656,-43,80.35655416,-30,76.19341129,-19,63.3447261,-86,78.89934418,-48,77.76629574,-24,66.12372635,,-24,66.12372635,-13,81.04625174,-89,61.56037709,-51,77.9695871,-39,68.31322312,-95,86.17878935,-5,80.33705083,,-5,80.33705083,-36,80.14194173,-39,68.50477329,-77,71.76302264,-246,85.73254768,-71,61.90745563
-175,48.27392581,-51,64.43842795,-86,86.82853447,-147,83.20472017,-77,58.88529883,,-48,73.53407672,-51,57.69496046,-103,78.8169272,-67,64.93599754,-62,74.29136619,-35,80.60921743,-45,67.93135651,-42,80.23566645,-29,76.14836092,-18,63.08041469,-85,79.01823466,-47,77.49236698,-23,66.78480157,,-23,66.78480157,-12,80.85852913,-88,61.63892096,-50,77.93457188,-38,68.32469077,-94,86.19883114,-4,80.37017372,,-4,80.37017372,-35,80.14465268,-38,68.28573104,-76,71.89884667,-245,85.77209843,-70,61.79735007
-174,48.24302113,-50,64.49350701,-85,86.79812751,-146,83.13739599,-76,59.01439641,,-47,73.46571304,-50,57.66487974,-102,78.74982524,-66,64.88055604,-61,74.51398965,-34,80.82828049,-44,67.96687325,-41,80.1135115,-28,76.11062559,-17,62.78233985,-84,79.13904449,-46,77.21457918,-22,67.43645735,,-22,67.43645735,-11,80.65809516,-87,61.71789718,-49,77.90035292,-37,68.33621505,-93,86.22082729,-3,80.40113915,,-3,80.40113915,-34,80.15048788,-37,68.06191142,-75,72.03528494,-244,85.81293994,-69,61.68367138
-173,48.21342727,-49,64.54860253,-84,86.77098335,-145,83.07314264,-75,59.14368124,,-46,73.39836275,-49,57.63559385,-101,78.6781951,-65,64.82331554,-60,74.7358168,-33,81.05434542,-43,68.00505995,-40,79.98990817,-27,76.08056088,-16,62.44648153,-83,79.26164239,-45,76.93319616,-21,68.07790577,,-21,68.07790577,-10,80.44398801,-86,61.79729639,-48,77.86689954,-36,68.34764914,-92,86.24479362,-2,80.42986076,,-2,80.42986076,-33,80.1594765,-36,67.832929,-74,72.17227433,-243,85.85506296,-68,61.56650045
-172,48.18514896,-48,64.60363513,-83,86.74724218,-144,83.01199685,-74,59.27311285,,-45,73.33201167,-48,57.60742863,-100,78.60195009,-64,64.76432739,-59,74.95650632,-32,81.28779767,-42,68.045916,-39,79.86466365,-26,76.05851491,-15,62.06826906,-82,79.38589858,-44,76.64849761,-20,68.7084493,,-20,68.7084493,-9,80.21517763,-85,61.87711227,-47,77.83417958,-35,68.35882378,-91,86.27074412,-1,80.45626643,,-1,80.45626643,-32,80.17164725,-35,67.59834161,-73,72.30975085,-242,85.89845736,-67,61.44592562
-171,48.15819045,-47,64.6585161,-82,86.72703664,-143,82.95398794,-73,59.40265441,,-44,73.26664645,-47,57.58073032,-99,78.52100681,-63,64.70365486,-58,75.17573181,-31,81.52903857,-41,68.08943727,-38,79.73757806,-25,76.04482962,-14,61.64249373,-81,79.51168464,-43,76.36077932,-19,69.32749296,,-19,69.32749296,-8,79.97056334,-84,61.95734093,-46,77.80215986,-34,68.3695467,-90,86.29869058,0,80.48029957,,0,80.48029957,-31,80.18703101,-34,67.35764746,-72,72.44764998,-241,85.94311231,-66,61.32203998
-170,48.13255922,-46,64.71314657,-81,86.71049095,-142,82.89913832,-72,59.53227234,,-43,73.20225551,-46,57.55586475,-98,78.43528513,-62,64.64137585,-57,75.39318248,-30,81.77848626,-40,68.13561606,-37,79.60844869,-24,76.03984356,-13,61.16319814,-80,79.63887419,-42,76.07035383,-18,69.93455791,,-18,69.93455791,-7,79.70897454,-83,62.03798036,-45,77.77080661,-33,68.37960231,-89,86.32864256,,,,,,-30,80.20566299,-33,67.11028278,-71,72.58590703,-240,85.98901644,-65,61.19493743
-169,48.10826713,-45,64.7674202,-80,86.69772002,-141,82.8474634,-71,59.66193623,,-42,73.13882871,-45,57.53321711,-97,78.34470832,-61,64.57758616,-56,75.60856518,-29,82.0365773,-39,68.18444113,-36,79.47707309,-23,76.04389552,-12,60.62354376,-79,79.76734235,-41,75.77755128,-17,70.5293031,,-17,70.5293031,-6,79.42917618,-82,62.11902988,-44,77.74008578,-32,68.38875197,-88,86.36060744,,,,,,-29,80.22758336,-32,66.85561902,-70,72.72445735,-239,86.03615792,-64,61.06471009
-168,48.08533042,-44,64.8212275,-79,86.68882826,-140,82.79896969,-70,59.79161932,,-41,73.07635599,-44,57.51319229,-96,78.24920338,-60,64.51240218,-55,75.82160688,-28,82.30376624,-38,68.23589767,-35,79.34325112,-22,76.0573268,-11,60.01565206,-78,79.89696352,-40,75.48271998,-16,71.11154607,,-16,71.11154607,-5,79.12987727,-81,62.20048953,-43,77.70996322,-31,68.39673583,-87,86.39459031,,,,,,-28,80.25283594,-31,66.59295814,-69,72.86323631,-238,86.08452443,-63,60.93144912
-167,48.06376937,-43,64.87445844,-78,86.68390817,-139,82.75365164,-69,59.92129942,,-40,73.01482494,-43,57.4962135,-95,78.14870163,-59,64.44596235,-54,76.03205586,-27,82.58052319,-37,68.28996732,-34,79.20678583,-21,76.080482,-10,59.33040962,-77,80.02760838,-39,75.18622638,-15,71.68126625,,-15,71.68126625,-4,78.80973924,-80,62.28235948,-42,77.6804044,-30,68.40327453,-86,86.43059387,,,,,,-27,80.28146608,-30,66.32152536,-68,73.00217905,-237,86.13410301,-62,60.79524805
-166,48.04360761,-42,64.92700226,-77,86.68303902,-138,82.71148927,-68,60.05095983,,-39,72.95421704,-42,57.48271928,-94,78.04313914,-58,64.37842813,-53,76.23968136,-26,82.86733143,-36,68.34662806,-33,79.06748291,-20,76.11370973,-9,58.55723166,-76,80.15914102,-38,74.8884536,-14,72.23859268,,-14,72.23859268,-3,78.46738629,-79,62.36463927,-41,77.65137382,-29,68.40806957,-85,86.46861884,,,,,,-26,80.3135202,-29,66.04046027,-67,73.14122012,-236,86.1848799,-61,60.65620484
-165,48.0248707,-41,64.97874596,-76,86.68628621,-137,82.67244759,-67,60.18058982,,-38,72.89450412,-41,57.47316208,-93,77.93245749,-57,64.3099837,-52,76.44427334,-25,83.16468679,-35,68.40585433,-32,78.92514961,-19,76.15736412,-8,57.68378225,-75,80.29141701,-37,74.5897984,-13,72.7837955,,-13,72.7837955,-2,78.10142253,-78,62.44732735,-40,77.62283438,-28,68.41080392,-84,86.508665,,,,,,-25,80.3490479,-28,65.74880818,-66,73.28029329,-235,86.23684055,-60,60.51441901
-164,48.00758468,-40,65.02957268,-75,86.69370137,-136,82.63647719,-66,60.31018482,,-37,72.83564635,-40,57.46800863,-92,77.81660446,-56,64.24083226,-51,76.64564277,-24,83.47309877,-34,68.46761734,-31,78.77959527,-18,76.21180775,-7,56.69564673,-74,80.42428332,-36,74.29066893,-12,73.31728576,,-12,73.31728576,-1,77.71045851,-77,62.53042109,-39,77.59474699,-27,68.41114431,-83,86.55073191,,,,,,-24,80.38810612,-27,65.44551125,-65,73.41933144,-234,86.28996955,-59,60.36998601
-163,47.9917756,-39,65.07936067,-74,86.7053226,-135,82.60351537,-65,60.43974628,,-36,72.7775912,-39,57.46773927,-91,77.69553448,-55,64.17118738,-50,76.84362187,-23,83.79309139,-33,68.53188529,-30,78.63063372,-17,76.27741777,-6,55.57595096,-73,80.55758081,-35,73.99148508,-11,73.83961453,,-11,73.83961453,0,77.29314643,-76,62.61391711,-38,77.56707004,-26,68.40874365,-82,86.59481901,,,,,,-23,80.43076346,-26,65.12939895,-64,73.55826682,-233,86.3442506,-58,60.22299321
-162,47.97746944,-38,65.1279837,-73,86.72117465,-134,82.57348708,-64,60.56928144,,-35,72.72027255,-38,57.4728453,-90,77.56920794,-54,64.10126254,-49,77.03806425,-22,84.12519996,-32,68.59862363,-29,78.47808677,-16,76.35459599,-5,54.30492421,-72,80.69114807,-34,73.69268053,-10,74.35146756,,-10,74.35146756,,,-75,62.69781175,-37,77.53975848,-25,68.40324204,-81,86.64092512,,,,,,-22,80.47710332,-25,64.79917937,-63,73.69703151,-232,86.3996663,-57,60.0735178
-161,47.96469107,-37,65.17531289,-72,86.74126905,-133,82.54630551,-63,60.69880284,,-34,72.66361008,-37,57.48382431,-89,77.43758871,-53,64.03126457,-48,77.22884634,-21,84.46996249,-31,68.66779514,-28,78.32178738,-15,76.44377994,-4,52.85939403,-71,80.82482449,-33,73.39470442,-9,74.85365535,,-9,74.85365535,,,-74,62.78210113,-36,77.51276314,-24,68.39426721,-80,86.68904797,,,,,,-21,80.52722562,-24,64.45343223,-62,73.83555772,-231,86.45619807,-56,59.92162496
-160,47.95346245,-36,65.22121859,-71,86.76560452,-132,82.5218726,-62,60.82832764,,-33,72.60750898,-36,57.5011731,-88,77.30064121,-52,63.9613922,-47,77.41586958,-20,84.82790765,-30,68.7393607,-27,78.16158096,-14,76.5454514,-3,51.21219168,-70,80.95845203,-32,73.09802208,-8,75.34709313,,-8,75.34709313,,,-73,62.86678089,-35,77.48603098,-23,68.38143576,-79,86.73918403,,,,,,-20,80.58124816,-23,64.09060366,-61,73.97377775,-230,86.51382619,-55,59.76736512
-159,47.94380111,-35,65.26557071,-70,86.7941676,-131,82.50007973,-61,60.95787691,,-32,72.55185987,-35,57.5253799,-87,77.15832925,-51,63.89183604,-46,77.59906143,-19,85.19954161,-29,68.81328011,-26,77.99732592,-13,76.66014289,-2,49.33149815,-69,81.09187708,-31,72.80311468,-7,75.83276341,,-7,75.83276341,,,-72,62.951846,-34,77.45950586,-22,68.36435862,-78,86.79132895,,,,,,-19,80.63930729,-22,63.70900173,-60,74.11162349,-229,86.57252989,-54,59.61077121
-158,47.93571963,-34,65.30823795,-69,86.82693379,-130,82.48080849,-60,61.08747533,,-31,72.49653889,-34,57.55691792,-86,77.01061698,-50,63.82277917,-45,77.77837539,-18,85.58533558,-28,68.8895131,-25,77.82889656,-12,76.7884448,-1,47.18025651,-68,81.22495281,-30,72.51047847,-6,76.31166978,,-6,76.31166978,,,-71,63.03729034,-33,77.43312875,-21,68.34264926,-77,86.84547853,,,,,,-18,80.70155821,-21,63.30679203,-59,74.24902592,-228,86.63228719,-53,59.45185801
-157,47.92922596,-33,65.34908748,-68,86.86386886,-129,82.46393131,-59,61.21715127,,-30,72.44140764,-33,57.5962393,-85,76.85747033,-49,63.75440013,-44,77.95379176,-17,85.98571437,-27,68.96802024,-24,77.65618944,-11,76.93101439,0,44.71583377,-67,81.35754135,-29,72.22062383,-5,76.78479989,,-5,76.78479989,,,-70,63.12310621,-32,77.40683749,-20,68.31592974,-76,86.90162951,,,,,,-17,80.76817564,-20,62.8819932,-58,74.38591488,-227,86.69307473,-52,59.29062286
-156,47.92432428,-32,65.38798627,-67,86.90492997,-128,82.44931194,-58,61.34693705,,-29,72.38631298,-32,57.64376775,-84,76.69885857,-48,63.68687863,-43,78.12531865,-16,86.401044,-26,69.04876385,-23,77.47913094,-10,77.08858631,,,-66,81.48951533,-28,71.93407563,-4,77.25309441,,-4,77.25309441,,,-69,63.20928385,-31,77.38056682,-19,68.28383478,-75,86.95977994,,,,,,-16,80.83935516,-19,62.43247212,-57,74.5222193,-226,86.75486774,-51,59.12704567
-155,47.92101575,-31,65.42480407,-66,86.95006627,-127,82.43680565,-57,61.47686913,,-28,72.3310868,-31,57.69989158,-83,76.53475567,-47,63.62040158,-42,78.29299146,-15,86.83161683,-25,69.13170862,-22,77.29768468,-9,77.261982,,,-65,81.62075937,-27,71.65137449,-3,77.71740923,,-3,77.71740923,,,-68,63.29581113,-30,77.35424886,-18,68.24601673,-74,87.01992912,,,,,,-15,80.91531535,-18,61.95594054,-56,74.65786707,-225,86.81764032,-50,58.96108805
-154,47.91929966,-30,65.4594167,-65,86.99921943,-126,82.42625967,-56,61.60698777,,-27,72.2755454,-30,57.76495896,-82,76.36514084,-46,63.55516742,-41,78.45687024,-14,87.27763897,-24,69.21682244,-21,77.11185972,-8,77.45211482,,,-64,81.75117139,-26,71.37307727,-2,78.17847508,,-2,78.17847508,,,-67,63.38267351,-29,77.32781368,-17,68.20215039,-73,87.08207751,,,,,,-14,80.99630033,-17,61.44995538,-55,74.7927846,-224,86.88136558,-49,58.79269068
-153,47.91917496,-29,65.49170773,-64,87.05232441,-125,82.41751362,-55,61.73733643,,-26,72.21948806,-29,57.8392741,-81,76.18999839,-45,63.49138854,-40,78.61703747,-13,87.73922048,-23,69.30407759,-20,76.92171994,-7,77.65999305,,,-63,81.88066375,-25,71.09975542,-1,78.63686349,,-1,78.63686349,,,-66,63.46985424,-28,77.30118962,-16,68.15193635,-72,87.14622655,,,,,,-13,81.08258275,-16,60.91192142,-54,74.9268962,-223,86.94601579,-48,58.6217678
-152,47.92064179,-28,65.52156871,-63,87.10931047,-124,82.41040008,-54,61.86796127,,-25,72.16269483,-28,57.9230928,-80,76.00931743,-44,63.42929377,-39,78.77359959,-12,88.21635832,-22,69.39345155,-19,76.72739277,-6,77.8867292,,,-62,82.0091642,-24,70.83199137,0,79.0929529,,0,79.0929529,,,-65,63.55733485,-27,77.27430338,-15,68.09510212,-71,87.21237859,,,,,,-12,81.17446724,-15,60.33909024,-53,75.06012394,-222,87.01156268,-47,58.4482002
-151,47.92370205,-27,65.54889895,-62,87.17010223,-123,82.40474567,-53,61.99891073,,-24,72.10492482,-27,58.01661858,-79,75.82309146,-43,63.36913427,-38,78.92669314,-11,88.70890803,-21,69.48492726,-18,76.52907611,-5,78.1335618,,,-61,82.13661691,-23,70.57037412,,,,,,,,-64,63.64509525,-26,77.24707965,-14,68.03139964,-70,87.2805376,,,,,,-11,81.27229412,-14,59.72855306,-52,75.1923878,-221,87.07797771,-46,58.2718314
-150,47.92835912,-26,65.57360529,-61,87.23462061,-122,82.40037255,-52,62.13023529,,-23,72.04591504,-26,58.11999804,-78,75.6313162,-42,63.31119214,-37,79.07649448,-10,89.21654927,-20,69.57849331,-17,76.32704422,-4,78.40188437,,,-60,82.26298283,-22,70.31549582,,,,,,,,-63,63.73311346,-25,77.21944015,-13,67.96060128,-69,87.35071045,,,,,,-10,81.37644335,-13,59.07723312,-51,75.32360518,-220,87.14523215,-45,58.09246887
-149,47.93461765,-25,65.59560183,-60,87.30278323,-121,82.39709992,-51,62.26198707,,-22,71.98537779,-25,58.2333124,-77,75.43398624,-41,63.25578428,-36,79.22322822,-9,89.73874498,-19,69.67414496,-16,76.12165284,-3,78.69327313,,,-59,82.38823809,-21,70.0679496,,,,,,,,-62,63.82136486,-24,77.1913029,-12,67.88250125,-68,87.42290852,,,,,,-9,81.48733851,-12,58.38188563,-50,75.45368993,-219,87.21329718,-44,57.90989019
-148,47.94248397,-24,65.61480986,-59,87.3745047,-120,82.39474509,-50,62.39421934,,-21,71.92299615,-24,58.3565704,-76,75.23109278,-40,63.20325695,-35,79.36716784,-8,89.72530823,-18,69.77188592,-15,75.91334163,-2,79.00951113,,,-58,82.51237011,-20,69.82832827,,,,,,,,-61,63.90982176,-23,77.16258232,-11,67.79692284,-67,87.49714865,,,,,,-8,81.60545106,-11,57.63910611,-49,75.58255158,-218,87.28214398,-43,57.72385194
-147,47.9519664,-23,65.63115886,-58,87.44969679,-119,82.39312419,-49,62.52698613,,-20,71.85841897,-23,58.48970868,-75,75.02262379,-39,63.15397534,-34,79.50862663,-7,89.17673286,-17,69.87173119,-14,75.70263458,-1,79.35261269,,,-57,82.63537408,-19,69.59722433,,,,,,,,-60,63.998453,-22,77.13319023,-10,67.70372834,-66,87.57345337,,,,,,-7,81.73130569,-10,56.84534191,-48,75.71009503,-217,87.35174406,-42,57.53409646
-146,47.9630743,-22,65.64459059,-57,87.52826906,-118,82.39205291,-48,62.66034216,,-19,71.79125719,-22,58.63259349,-74,74.80856539,-38,63.10831566,-33,79.64794564,-6,88.6170086,-16,69.97371024,-13,75.49014118,0,79.72485387,,,-56,82.75725078,-18,69.37523117,,,,,,,,-59,64.08722363,-21,77.10303703,-9,67.60282879,-65,87.6518507,,,,,,-6,81.86548807,-9,55.99690696,-47,75.8362202,-216,87.42206927,-41,57.34035288
-145,47.97581673,-21,65.6550665,-56,87.6101297,-117,82.39134725,-47,62.7943433,,-18,71.7210808,-21,58.78501704,-73,74.5889036,-37,63.06666378,-32,79.78548648,-5,88.04798438,-15,70.07786956,-12,75.27656052,,,,,-55,82.87800324,-17,69.16294424,,,,,,,,-58,64.17609468,-20,77.07203354,-8,67.49419212,-64,87.73237453,,,,,,-5,82.00865454,-8,55.09000593,-46,75.96082145,-215,87.49309159,-40,57.14233443
-144,47.99020246,-20,65.66257518,-55,87.69518628,-116,82.39082442,-46,62.92904688,,-17,71.64741555,-20,58.94669159,-72,74.36362593,-36,63.02941867,-31,79.9216294,-4,87.47187791,-14,70.18427403,-11,75.06268787,,,,,-54,82.99763036,-16,68.96096176,,,,,,,,-57,64.26502333,-19,77.04009341,-7,67.3778504,-63,87.81506571,,,,,,-4,82.1615427,-7,54.12077464,-45,76.08378666,-214,87.56478286,-39,56.93973671
-143,48.00624093,-19,65.66713434,-54,87.78334598,-115,82.3903043,-45,63.0645121,,-16,71.56973966,-19,59.11724443,-71,74.13272274,-35,62.99699485,-30,80.05677191,-3,86.89127441,-13,70.29300752,-10,74.84942009,,,,,-53,83.11611927,-15,68.76988442,,,,,,,,-56,64.35396367,-18,77.0071361,-6,67.2539085,-62,87.89997381,,,,,,-3,82.32498299,-6,53.08533991,-44,76.2049963,-213,87.63711444,-38,56.73223735
-142,48.02394248,-18,65.66878727,-53,87.87451578,-114,82.38961127,-44,63.20080071,,-15,71.48748164,-18,59.29621075,-70,73.89618828,-34,62.96982016,-29,80.19132685,-2,86.30911765,-12,70.40417157,-9,74.63775511,,,,,-52,83.2334388,-14,68.59031203,,,,,,,,-55,64.44286777,-17,76.97309043,-5,67.12255495,-61,87.98715869,,,,,,-2,82.49991233,-5,51.97989458,-43,76.32432274,-212,87.71005722,-37,56.51949392
-141,48.04331744,-17,65.66759871,-52,87.96860294,-113,82.38857579,-43,63.33797791,,-14,71.40002081,-17,59.48301991,-69,73.65402077,-33,62.94833004,-28,80.32572136,-1,85.72868682,-11,70.51788113,-8,74.42878298,,,,,-51,83.34953625,-13,68.42283807,,,,,,,,-54,64.53168606,-16,76.93789863,-4,66.98407292,-60,88.0766911,,,,,,-1,82.68738922,-4,50.80078215,-42,76.44162966,-211,87.78358153,-36,56.30113628
-140,48.06437536,-16,65.66365379,-51,88.06551577,-112,82.38703545,-42,63.47611336,,-13,71.30669101,-16,59.67697755,-68,73.40621974,-32,62.93296112,-27,80.46039702,0,85.15355588,-10,70.63425891,-7,74.2236706,,,,,-50,83.4643377,-12,68.26804754,,,,,,,,-53,64.62036707,-15,76.90152029,-3,66.83884887,-59,88.16865228,,,,,,0,82.88860921,-3,49.54459259,-41,76.55677098,-210,87.85765704,-35,56.07675376
-139,48.08712444,-15,65.65706087,-50,88.16516415,-111,82.38483559,-41,63.61528243,,-12,71.20678636,-15,59.87725538,-67,73.15278169,-31,62.92414707,-26,80.59580856,,,-9,70.75343151,-6,74.02364296,,,,,-49,83.57775076,-11,68.12651941,,,,,,,,-52,64.70885682,-14,76.8639357,-2,66.68737811,-58,88.26313242,,,,,,,,-2,48.20827379,-40,76.66958982,-209,87.93225253,-34,55.84588324
-138,48.11157064,-14,65.6479569,-49,88.26745948,-110,82.3818297,-40,63.75556713,,-11,71.09956653,-14,60.08289837,-66,72.89369842,-30,62.92232006,-25,80.73242041,,,-8,70.87552855,-5,73.82995887,,,,,-48,83.689668,-10,67.99882982,,,,,,,,-51,64.7970984,-13,76.82514871,-1,66.53026801,-57,88.36022846,,,,,,,,-1,46.78926308,-39,76.77991781,-208,88.00733584,-33,55.60800224
-137,48.13771615,-13,65.63650765,-48,88.37231447,-109,82.37787986,-39,63.89705602,,-10,70.98426091,-13,60.29284292,-65,72.62896057,-29,62.92791646,-24,80.87070415,,,-7,71.00068091,-4,73.64387962,,,,,-47,83.79996948,-9,67.88555313,,,,,,,,-50,64.8850318,-12,76.78518894,0,66.36823796,-56,88.46004247,,,,,,,,0,45.28564108,-38,76.88757421,-207,88.08287402,-32,55.36252814
-136,48.16555815,-12,65.62289745,-47,88.47964311,-108,82.37285722,-38,64.03984361,,-9,70.86007293,-12,60.5059325,-64,72.35856407,-28,62.94138034,-23,81.01113944,,,-6,71.12901673,-3,73.46663457,,,,,-46,83.90852389,-8,67.78726015,,,,,,,,-49,64.9725938,-11,76.74411283,,,-55,88.56268195,,,,,,,,,,-37,76.99236453,-206,88.15883351,-31,55.10882391
-135,48.19508971,-11,65.60731797,-46,88.58936127,-107,82.36664229,-37,64.18403037,,-8,70.72618508,-11,60.72092765,-63,72.08251623,-27,62.96315863,-22,81.1542167,,,-5,71.26065788,-2,73.29938696,,,,,-45,84.01518928,-7,67.70451539,,,,,,,,-48,65.0597182,-10,76.70200413,,,-54,88.66826186,,,,,,,,,,-36,77.09407895,-205,88.23518003,-30,54.84620736
-134,48.22630237,-10,65.58996927,-45,88.70138754,-106,82.35912508,-36,64.32972334,,-7,70.58176438,-10,60.93651883,-62,71.80084107,-26,62.99368686,-21,81.30044038,,,-4,71.39571853,-1,73.1432008,,,,,-44,84.11981431,-6,67.63787479,,,,,,,,-47,65.14633652,-9,76.65897497,,,-53,88.77690626,,,,,,,,,,-35,77.19249098,-204,88.31187861,-29,54.57395577
-133,48.25918796,-9,65.57107132,-44,88.81564383,-105,82.3502054,-35,64.4770363,,-6,70.42596678,-9,61.15135225,-61,71.51358315,-25,63.0333744,-20,81.45033169,,,-3,71.53430295,0,72.99901023,,,,,-43,84.2222395,-5,67.58788399,,,,,,,,-46,65.23237899,-8,76.6151673,,,-52,88.8887479,,,,,,,,,,-34,77.28735576,-203,88.38889353,-28,54.29130114
-132,48.29373922,-8,65.55087416,-43,88.93205536,-104,82.33979302,-34,64.62608959,,-5,70.25794179,-8,61.36406779,-60,71.22080787,-24,63.08259955,-19,81.60442787,,,-2,71.6765001,,,,,,,-42,84.3222992,-4,67.55507682,,,,,,,,-45,65.31777499,-7,76.5707538,,,-51,89.00392688,,,,,,,,,,-33,77.37840775,-202,88.4661883,-27,53.99741905
-131,48.32995037,-7,65.52965995,-42,89.05055083,-103,82.3278079,-33,64.77701012,,-4,70.07684318,-7,61.5733351,-59,70.92259788,-23,63.14171061,-18,81.76327694,,,-1,71.82237411,,,,,,,-41,84.41982515,-3,67.53997214,,,,,,,,-44,65.40245286,-6,76.52593834,,,-50,89.12258959,,,,,,,,,,-32,77.46535832,-201,88.5437257,-26,53.69141876
-130,48.36781771,-6,65.50773908,-41,89.17106321,-102,82.31418031,-32,64.929932,,-3,69.8818512,-6,61.7778839,-58,70.61904971,-22,63.21102247,-17,81.92742939,,,0,71.97195241,,,,,,,-40,84.51465113,-2,67.54306784,,,,,,,,-43,65.48633965,-5,76.48095504,,,-49,89.24488753,,,,,,,,,,-31,77.54789385,-200,88.62146757,-25,53.37233844
-129,48.40733905,-5,65.48544471,-40,89.29353049,-101,82.29885105,-31,65.08499817,,-2,69.67220125,-5,61.97653797,-57,70.3102735,-21,63.29080388,-16,82.09742765,,,,,,,,,,,-39,84.60661702,-1,67.56483302,,,,,,,,-42,65.56936098,-4,76.43606314,,,-48,89.37097589,,,,,,,,,,-30,77.6256737,-199,88.69937463,-24,53.03914283
-128,48.44851209,-4,65.4631256,-39,89.4178962,-100,82.28177154,-30,65.24236209,,-1,69.44721038,-4,62.16824819,-56,69.99639424,-20,63.38125848,-15,82.27378841,,,,,,,,,,,-38,84.6955715,0,67.60569905,,,,,,,,-41,65.65144112,-3,76.39153915,,,-47,89.50101285,,,,,,,,,,-29,77.69832783,-198,88.77740643,-23,52.69071925
-127,48.49133332,-3,65.44113391,-38,89.54410969,-99,82.26290419,-29,65.40218856,,0,69.20630334,-3,62.35209935,-55,69.67755177,-19,63.48250714,-14,82.45697062,,,,,,,,,,,-37,84.78137531,,,,,,,,,,-40,65.73250313,-2,76.34767179,,,-46,89.63515962,,,,,,,,,,-28,77.7654537,-197,88.85552139,-22,52.32586987
-126,48.53579745,-2,65.41980839,-37,89.67212555,-98,82.24222258,-28,65.56465371,,,,-2,62.52728962,-54,69.35389988,-18,63.59457287,-13,82.64733051,,,,,,,,,,,-36,84.86390573,,,,,,,,,,-39,65.81246905,-1,76.30476283,,,-45,89.77358007,,,,,,,,,,-27,77.82661253,-196,88.93367694,-21,51.94330017
-125,48.58189717,-1,65.39945782,-36,89.80190209,-97,82.21971144,-27,65.72994531,,,,-1,62.69312024,-53,69.02560611,-17,63.7173666,-12,82.84506952,,,,,,,,,,,-35,84.94306018,,,,,,,,,,-38,65.89126049,0,76.26313504,,,-44,89.91643875,,,,,,,,,,-26,77.8813251,-195,89.01182961,-20,51.54160635
-124,48.62962338,0,65.38034792,-35,89.93339952,-96,82.19536653,-26,65.89826372,,,,0,62.8490116,-52,68.69285184,-16,63.85067972,-11,83.05018038,,,,,,,,,,,-34,85.01875767,,,,,,,,,,-37,65.96879931,,,,,-43,89.93610276,,,,,,,,,,-25,77.92906686,-194,89.08993521,-19,51.11926628
-123,48.67896541,,,-34,89.93342146,-95,82.16919444,-25,66.06982334,,,,,,-51,68.35582986,-15,63.99418873,-10,83.26239978,,,,,,,,,,,-33,85.09093962,,,,,,,,,,-36,66.04500826,,,,,-42,89.78388959,,,,,,,,,,-24,77.9692611,-193,89.16794871,-18,50.67463528
-122,48.72991041,,,-33,89.79860005,-94,82.14121168,-24,66.24485376,,,,,,-50,68.01473939,-14,64.14746646,-9,83.48117709,,,,,,,,,,,-32,85.15956904,,,,,,,,,,-35,66.11981121,,,,,-41,89.62677722,,,,,,,,,,-23,78.0012697,-192,89.2458241,-17,50.20594759
-121,48.78244188,,,-32,89.66217528,-93,82.11144231,-23,66.42360071,,,,,,-49,67.6697825,-13,64.30999352,-8,83.70566314,,,,,,,,,,,-31,85.22462402,,,,,,,,,,-34,66.19313338,,,,,-40,89.46463492,,,,,,,,,,-22,78.02438283,-191,89.32351449,-16,49.7113245
-120,48.83653857,,,-31,89.52418547,-92,82.07991528,-22,66.60632751,,,,,,-48,67.32116478,-12,64.48116939,-7,83.93471569,,,,,,,,,,,-30,85.28608662,,,,,,,,,,-33,66.26490153,,,,,-39,89.29734808,,,,,,,,,,-21,78.03780836,-190,89.40097227,-15,49.18878718
-119,48.89217425,,,-30,89.3846674,-91,82.04666267,-21,66.79331698,,,,,,-47,66.96909899,-11,64.66032089,-6,84.16691401,,,,,,,,,,,-29,85.34393622,,,,,,,,,,-32,66.335044,,,,,-38,89.124819,,,,,,,,,,-20,78.04065862,-189,89.47814912,-14,48.63626466
-118,48.94931863,,,-29,89.24365542,-90,82.01171896,-20,66.98487312,,,,,,-46,66.61381,-10,64.84670554,-5,84.40057748,,,,,,,,,,,-28,85.39815019,,,,,,,,,,-31,66.40349069,,,,,-37,88.9469681,,,,,,,,,,-19,78.03193268,-188,89.55499622,-13,48.05158913
-117,49.00793953,,,-28,89.10118098,-89,81.97512058,-19,67.18132148,,,,,,-45,66.25553918,-9,65.0395112,-4,84.63379407,,,,,,,,,,,-27,85.44870543,,,,,,,,,,-30,66.47017313,,,,,-36,88.76373654,,,,,,,,,,-18,78.01049515,-187,89.6314645,-12,47.43248402
-116,49.068006,,,-27,88.9572724,-88,81.93690504,-18,67.38300704,,,,,,-44,65.89454659,-8,65.23785528,-3,84.86446613,,,,,,,,,,,-26,85.49557833,,,,,,,,,,-29,66.53502451,,,,,-35,88.57508981,,,,,,,,,,-17,77.97505454,-186,89.70750492,-11,46.7765549
-115,49.12949113,,,-26,88.81195587,-87,81.89711014,-17,67.5902911,,,,,,-43,65.53111132,-7,65.4407864,-2,85.09036923,,,,,,,,,,,-25,85.53874467,,,,,,,,,,-28,66.59798002,,,,,-34,88.3810211,,,,,,,,,,-16,77.92413883,-185,89.78306852,-10,46.08128305
-114,49.19237459,,,-25,88.66525828,-86,81.85577359,-16,67.80355005,,,,,,-42,65.16553052,-6,65.64728808,-1,85.30921578,,,,,,,,,,,-24,85.57817917,,,,,,,,,,-27,66.65897769,,,,,-33,88.18155337,,,,,,,,,,-15,77.85606514,-184,89.85810658,-9,45.34401819
-113,49.25664421,,,-24,88.51721156,-85,81.81293337,-15,68.02317595,,,,,,-41,64.79811623,-5,65.85627942,0,85.51872479,,,,,,,,,,,-23,85.6138546,,,,,,,,,,-26,66.71795955,,,,,-32,87.97673995,,,,,,,,,,-14,77.76890648,-183,89.93257062,-8,44.56197302
-112,49.32229552,,,-23,88.3678568,-84,81.76862831,-14,68.24957656,,,,,,-40,64.42919028,-4,66.06661162,,,,,,,,,,,,,-22,85.64574159,,,,,,,,,,-25,66.77487245,,,,,-31,87.76666541,,,,,,,,,,-13,77.66045469,-182,89.99358767,-7,43.73222571
-111,49.38932998,,,-22,88.2172473,-83,81.72289855,-13,68.48317395,,,,,,-39,64.0590822,-3,66.27706523,,,,,,,,,,,,,-21,85.6738095,,,,,,,,,,-24,66.8296683,,,,,-30,87.55144877,,,,,,,,,,-12,77.52817016,-181,89.92041648,-6,42.85173065
-110,49.45775386,,,-21,88.06545051,-82,81.67578566,-12,68.72440057,,,,,,-38,63.68813543,-2,66.4863481,,,,,,,,,,,,,-20,85.69802737,,,,,,,,,,-23,66.88230366,,,,,-29,87.33124879,,,,,,,,,,-11,77.3691136,-180,89.84796348,-5,41.91733189
-109,49.52757854,,,-20,87.91254956,-81,81.62733273,-11,68.97369066,,,,,,-37,63.31671824,-1,66.69309045,,,,,,,,,,,,,-19,85.71836335,,,,,,,,,,-22,66.93273925,,,,,-28,87.10626849,,,,,,,,,,-10,77.17986129,-179,89.77627544,-4,40.92578228
-108,49.59882144,,,-19,87.75864495,-80,81.57758439,-10,69.23146796,,,,,,-36,62.94523282,0,66.89584066,,,,,,,,,,,,,-18,85.73478427,,,,,,,,,,-21,66.98093958,,,,,-27,86.87675838,,,,,,,,,,-9,76.95640204,-178,89.70539795,-3,39.87377187
-107,49.67150632,,,-18,87.60385633,-79,81.52658701,-9,69.49813372,,,,,,-35,62.57412162,,,,,,,,,,,,,,,-17,85.74725993,,,,,,,,,,-20,67.02687282,,,,,-26,86.64301872,,,,,,,,,,-8,76.69401012,-177,89.63537538,-2,38.75795477
-106,49.74566205,,,-17,87.44832384,-78,81.4743888,-8,69.77405711,,,,,,-34,62.20387046,,,,,,,,,,,,,,,-16,85.75577133,,,,,,,,,,-19,67.07051074,,,,,-25,86.40540051,,,,,,,,,,-7,76.38708597,-176,89.56625075,-1,37.57496969
-105,49.82132025,,,-16,87.29220926,-77,81.42104004,-7,70.05956364,,,,,,-33,61.83500339,,,,,,,,,,,,,,,-15,85.76031749,,,,,,,,,,-18,67.11182882,,,,,-24,86.16430546,,,,,,,,,,-6,76.02895418,-175,89.49806553,0,36.32147012
-104,49.89851312,,,-15,87.13569863,-76,81.36659328,-6,70.35491865,,,,,,-32,61.46806972,,,,,,,,,,,,,,,-14,85.76091994,,,,,,,,,,-17,67.15080687,,,,,-23,85.92018582,,,,,,,,,,-5,75.6116016,-174,89.43085955,,
-103,49.97727201,,,-14,86.97900721,-75,81.31110338,-5,70.66030953,,,,,,-31,61.10363211,,,,,,,,,,,,,,,-13,85.75762657,,,,,,,,,,-16,67.18742972,,,,,-22,85.67354451,,,,,,,,,,-4,75.12533249,-173,89.36467076,,
-102,50.05762718,,,-13,86.82238427,-74,81.25462732,-4,70.97583002,,,,,,-30,60.74226198,,,,,,,,,,,,,,,-12,85.75051435,,,,,,,,,,-15,67.22168777,,,,,-21,85.42493546,,,,,,,,,,-3,74.55831235,-172,89.29953509,,
-101,50.13960954,,,-12,86.66611552,-73,81.19722398,-3,71.30146658,,,,,,-29,60.38453997,,,,,,,,,,,,,,,-11,85.73968753,,,,,,,,,,-14,67.25357755,,,,,-20,85.17496438,,,,,,,,,,-2,73.89595967,-171,89.2354864,,
-100,50.22325411,,,-11,86.51052426,-72,81.13895362,-2,71.63708662,,,,,,-28,60.03105654,,,,,,,,,,,,,,,-10,85.72526934,,,,,,,,,,-13,67.28310234,,,,,-19,84.92428887,,,,,,,,,,-1,73.12012385,-170,89.17255676,,
-99,50.3086031,,,-10,86.35597214,-71,81.0798756,-1,71.98242812,,,,,,-27,59.68240996,,,,,,,,,,,,,,,-9,85.70739083,,,,,,,,,,-12,67.31027294,,,,,-18,84.67361684,,,,,,,,,,0,72.20796317,-169,89.1107766,,
-98,50.39570672,,,-9,86.202859,-70,81.02004489,0,72.3370895,,,,,,-26,59.33920333,,,,,,,,,,,,,,,-8,85.68618343,,,,,,,,,,-11,67.33510833,,,,,-17,84.42370339,,,,,,,,,,,,-168,89.05017464,,
-97,50.48462143,,,-8,86.0516225,-69,80.95950927,,,,,,,,-25,59.00204075,,,,,,,,,,,,,,,-7,85.66177632,,,,,,,,,,-10,67.35763627,,,,,-16,84.1753468,,,,,,,,,,,,-167,88.99077776,,
-96,50.5754067,,,-7,85.90273749,-68,80.89830799,,,,,,,,-24,58.67152488,,,,,,,,,,,,,,,-6,85.6342954,,,,,,,,,,-9,67.37789401,,,,,-15,83.92938329,,,,,,,,,,,,-166,88.93261109,,
-95,50.66812171,,,-6,85.75671508,-67,80.83647129,,,,,,,,-23,58.34826003,,,,,,,,,,,,,,,-5,85.60386205,,,,,,,,,,-8,67.39592903,,,,,-14,83.68667945,,,,,,,,,,,,-165,88.87569818,,
-94,50.76282282,,,-5,85.61410106,-66,80.77402044,,,,,,,,-22,58.03285487,,,,,,,,,,,,,,,-4,85.57059244,,,,,,,,,,-7,67.41179962,,,,,-13,83.44812092,,,,,,,,,,,,-164,88.82006105,,
-93,50.85956173,,,-4,85.47547163,-65,80.7109683,,,,,,,,-21,57.72591451,,,,,,,,,,,,,,,-3,85.53459779,,,,,,,,,,-6,67.42557519,,,,,-12,83.21459809,,,,,,,,,,,,-163,88.76572005,,
-92,50.9583831,,,-3,85.34142399,-64,80.64731995,,,,,,,,-20,57.42802314,,,,,,,,,,,,,,,-2,85.49598484,,,,,,,,,,-5,67.43733654,,,,,-11,82.98699173,,,,,,,,,,,,-162,88.71269383,,
-91,51.05932067,,,-2,85.21256274,-63,80.58307345,,,,,,,,-19,57.13972529,,,,,,,,,,,,,,,-1,85.45485685,,,,,,,,,,-4,67.44717626,,,,,-10,82.76615974,,,,,,,,,,,,-161,88.66099952,,
-90,51.16239349,,,-1,85.08948457,-62,80.51822049,,,,,,,,-18,56.86150901,,,,,,,,,,,,,,,0,85.41131755,,,,,,,,,,-3,67.45519938,,,,,-9,82.55292467,,,,,,,,,,,,-160,88.61065288,,
-89,51.26760439,,,0,84.97276055,-61,80.45274694,,,,,,,,-17,56.59378993,,,,,,,,,,,,,,,,,,,,,,,,,,-2,67.46152402,,,,,-8,82.34806318,,,,,,,,,,,,-159,88.56166817,,
-88,51.3749399,,,,,-60,80.3866336,,,,,,,,-16,56.3368963,,,,,,,,,,,,,,,,,,,,,,,,,,-1,67.46628212,,,,,-7,82.15229648,,,,,,,,,,,,-158,88.51405774,,
-87,51.48436986,,,,,-59,80.31985714,,,,,,,,-15,56.09105591,,,,,,,,,,,,,,,,,,,,,,,,,,0,67.46962006,,,,,-6,81.96627937,,,,,,,,,,,,-157,88.4678318,,
-86,51.59584758,,,,,-58,80.25239075,,,,,,,,-14,55.85638584,,,,,,,,,,,,,,,,,,,,,,,,,,,,,,,,-5,81.79058792,,,,,,,,,,,,-156,88.42299848,,
-85,51.70931184,,,,,-57,80.18420469,,,,,,,,-13,55.63288449,,,,,,,,,,,,,,,,,,,,,,,,,,,,,,,,-4,81.62570671,,,,,,,,,,,,-155,88.3795642,,
-84,51.82469114,,,,,-56,80.11526684,,,,,,,,-12,55.42042563,,,,,,,,,,,,,,,,,,,,,,,,,,,,,,,,-3,81.47201799,,,,,,,,,,,,-154,88.33753382,,
-83,51.94190763,,,,,-55,80.0455432,,,,,,,,-11,55.21876003,,,,,,,,,,,,,,,,,,,,,,,,,,,,,,,,-2,81.32979435,,,,,,,,,,,,-153,88.29691068,,
-82,52.06088005,,,,,-54,79.97499747,,,,,,,,-10,55.02752989,,,,,,,,,,,,,,,,,,,,,,,,,,,,,,,,-1,81.19919577,,,,,,,,,,,,-152,88.25769648,,
-81,52.18152652,,,,,-53,79.90358918,,,,,,,,-9,54.8462872,,,,,,,,,,,,,,,,,,,,,,,,,,,,,,,,0,81.08027154,,,,,,,,,,,,-151,88.21989112,,
-80,52.30376607,,,,,-52,79.83127135,,,,,,,,-8,54.67449697,,,,,,,,,,,,,,,,,,,,,,,,,,,,,,,,,,,,,,,,,,,,,-150,88.18349249,,
-79,52.42751724,,,,,-51,79.75798916,,,,,,,,-7,54.51152178,,,,,,,,,,,,,,,,,,,,,,,,,,,,,,,,,,,,,,,,,,,,,-149,88.14849611,,
-78,52.55269674,,,,,-50,79.68367982,,,,,,,,-6,54.35660486,,,,,,,,,,,,,,,,,,,,,,,,,,,,,,,,,,,,,,,,,,,,,-148,88.11489487,,
-77,52.67922187,,,,,-49,79.6082735,,,,,,,,-5,54.20886808,,,,,,,,,,,,,,,,,,,,,,,,,,,,,,,,,,,,,,,,,,,,,-147,88.08267907,,
-76,52.80701503,,,,,-48,79.53169482,,,,,,,,-4,54.06733246,,,,,,,,,,,,,,,,,,,,,,,,,,,,,,,,,,,,,,,,,,,,,-146,88.05183685,,
-75,52.93600603,,,,,-47,79.45386519,,,,,,,,-3,53.93096293,,,,,,,,,,,,,,,,,,,,,,,,,,,,,,,,,,,,,,,,,,,,,-145,88.02235441,,
-74,53.06613244,,,,,-46,79.37470532,,,,,,,,-2,53.79872648,,,,,,,,,,,,,,,,,,,,,,,,,,,,,,,,,,,,,,,,,,,,,-144,87.99421609,,
-73,53.19734023,,,,,-45,79.29413756,,,,,,,,-1,53.66964557,,,,,,,,,,,,,,,,,,,,,,,,,,,,,,,,,,,,,,,,,,,,,-143,87.9674044,,
-72,53.32958484,,,,,-44,79.21208748,,,,,,,,0,53.54283795,,,,,,,,,,,,,,,,,,,,,,,,,,,,,,,,,,,,,,,,,,,,,-142,87.94189992,,
-71,53.4628314,,,,,-43,79.12848481,,,,,,,,,,,,,,,,,,,,,,,,,,,,,,,,,,,,,,,,,,,,,,,,,,,,,,-141,87.91768121,,
-70,53.59705437,,,,,-42,79.04326401,,,,,,,,,,,,,,,,,,,,,,,,,,,,,,,,,,,,,,,,,,,,,,,,,,,,,,-140,87.89472478,,
-69,53.73223728,,,,,-41,78.95636469,,,,,,,,,,,,,,,,,,,,,,,,,,,,,,,,,,,,,,,,,,,,,,,,,,,,,,-139,87.8730054,,
-68,53.86837243,,,,,-40,78.86773239,,,,,,,,,,,,,,,,,,,,,,,,,,,,,,,,,,,,,,,,,,,,,,,,,,,,,,-138,87.85249656,,
-67,54.00546019,,,,,-39,78.77731994,,,,,,,,,,,,,,,,,,,,,,,,,,,,,,,,,,,,,,,,,,,,,,,,,,,,,,-137,87.83317078,,
-66,54.14350808,,,,,-38,78.68508884,,,,,,,,,,,,,,,,,,,,,,,,,,,,,,,,,,,,,,,,,,,,,,,,,,,,,,-136,87.81499956,,
-65,54.28253012,,,,,-37,78.59101018,,,,,,,,,,,,,,,,,,,,,,,,,,,,,,,,,,,,,,,,,,,,,,,,,,,,,,-135,87.79795289,,
-64,54.42254649,,,,,-36,78.49506531,,,,,,,,,,,,,,,,,,,,,,,,,,,,,,,,,,,,,,,,,,,,,,,,,,,,,,-134,87.78199901,,
-63,54.56358308,,,,,-35,78.39724576,,,,,,,,,,,,,,,,,,,,,,,,,,,,,,,,,,,,,,,,,,,,,,,,,,,,,,-133,87.76710462,,
-62,54.705671,,,,,-34,78.29755228,,,,,,,,,,,,,,,,,,,,,,,,,,,,,,,,,,,,,,,,,,,,,,,,,,,,,,-132,87.75323528,,
-61,54.84884612,,,,,-33,78.19599476,,,,,,,,,,,,,,,,,,,,,,,,,,,,,,,,,,,,,,,,,,,,,,,,,,,,,,-131,87.74035558,,
-60,54.993149,,,,,-32,78.09259363,,,,,,,,,,,,,,,,,,,,,,,,,,,,,,,,,,,,,,,,,,,,,,,,,,,,,,-130,87.7284292,,
-59,55.13862416,,,,,-31,77.98738094,,,,,,,,,,,,,,,,,,,,,,,,,,,,,,,,,,,,,,,,,,,,,,,,,,,,,,-129,87.71741862,,
-58,55.28531814,,,,,-30,77.88040101,,,,,,,,,,,,,,,,,,,,,,,,,,,,,,,,,,,,,,,,,,,,,,,,,,,,,,-128,87.70728487,,
-57,55.43327739,,,,,-29,77.77171158,,,,,,,,,,,,,,,,,,,,,,,,,,,,,,,,,,,,,,,,,,,,,,,,,,,,,,-127,87.69798736,,
-56,55.58254636,,,,,-28,77.661386,,,,,,,,,,,,,,,,,,,,,,,,,,,,,,,,,,,,,,,,,,,,,,,,,,,,,,-126,87.68948393,,
-55,55.73316612,,,,,-27,77.54951659,,,,,,,,,,,,,,,,,,,,,,,,,,,,,,,,,,,,,,,,,,,,,,,,,,,,,,-125,87.68173095,,
-54,55.88517531,,,,,-26,77.43621838,,,,,,,,,,,,,,,,,,,,,,,,,,,,,,,,,,,,,,,,,,,,,,,,,,,,,,-124,87.67468346,,
-53,56.03861524,,,,,-25,77.32163195,,,,,,,,,,,,,,,,,,,,,,,,,,,,,,,,,,,,,,,,,,,,,,,,,,,,,,-123,87.66829515,,
-52,56.19353609,,,,,-24,77.20592606,,,,,,,,,,,,,,,,,,,,,,,,,,,,,,,,,,,,,,,,,,,,,,,,,,,,,,-122,87.66251848,,
-51,56.35000114,,,,,-23,77.08930037,,,,,,,,,,,,,,,,,,,,,,,,,,,,,,,,,,,,,,,,,,,,,,,,,,,,,,-121,87.65730475,,
-50,56.50808857,,,,,-22,76.97198624,,,,,,,,,,,,,,,,,,,,,,,,,,,,,,,,,,,,,,,,,,,,,,,,,,,,,,-120,87.65260413,,
-49,56.66789086,,,,,-21,76.85424482,,,,,,,,,,,,,,,,,,,,,,,,,,,,,,,,,,,,,,,,,,,,,,,,,,,,,,-119,87.64836545,,
-48,56.82951274,,,,,-20,76.7363646,,,,,,,,,,,,,,,,,,,,,,,,,,,,,,,,,,,,,,,,,,,,,,,,,,,,,,-118,87.64453606,,
-47,56.99306862,,,,,-19,76.61866073,,,,,,,,,,,,,,,,,,,,,,,,,,,,,,,,,,,,,,,,,,,,,,,,,,,,,,-117,87.64106194,,
-46,57.15868057,,,,,-18,76.50147557,,,,,,,,,,,,,,,,,,,,,,,,,,,,,,,,,,,,,,,,,,,,,,,,,,,,,,-116,87.63788764,,
-45,57.32647672,,,,,-17,76.38517919,,,,,,,,,,,,,,,,,,,,,,,,,,,,,,,,,,,,,,,,,,,,,,,,,,,,,,-115,87.6349565,,
-44,57.49659112,,,,,-16,76.27016877,,,,,,,,,,,,,,,,,,,,,,,,,,,,,,,,,,,,,,,,,,,,,,,,,,,,,,-114,87.63221109,,
-43,57.66916516,,,,,-15,76.15686497,,,,,,,,,,,,,,,,,,,,,,,,,,,,,,,,,,,,,,,,,,,,,,,,,,,,,,-113,87.62959392,,
-42,57.84434943,,,,,-14,76.04570317,,,,,,,,,,,,,,,,,,,,,,,,,,,,,,,,,,,,,,,,,,,,,,,,,,,,,,-112,87.62704772,,
-41,58.02230395,,,,,-13,75.93712069,,,,,,,,,,,,,,,,,,,,,,,,,,,,,,,,,,,,,,,,,,,,,,,,,,,,,,-111,87.6245151,,
-40,58.20319742,,,,,-12,75.8315442,,,,,,,,,,,,,,,,,,,,,,,,,,,,,,,,,,,,,,,,,,,,,,,,,,,,,,-110,87.62193832,,
-39,58.38720656,,,,,-11,75.72937966,,,,,,,,,,,,,,,,,,,,,,,,,,,,,,,,,,,,,,,,,,,,,,,,,,,,,,-109,87.6192596,,
-38,58.57451547,,,,,-10,75.63100325,,,,,,,,,,,,,,,,,,,,,,,,,,,,,,,,,,,,,,,,,,,,,,,,,,,,,,-108,87.61642147,,
-37,58.76531522,,,,,-9,75.53675184,,,,,,,,,,,,,,,,,,,,,,,,,,,,,,,,,,,,,,,,,,,,,,,,,,,,,,-107,87.61336662,,
-36,58.95980478,,,,,-8,75.44691289,,,,,,,,,,,,,,,,,,,,,,,,,,,,,,,,,,,,,,,,,,,,,,,,,,,,,,-106,87.61003784,,
-35,59.15819261,,,,,-7,75.36171499,,,,,,,,,,,,,,,,,,,,,,,,,,,,,,,,,,,,,,,,,,,,,,,,,,,,,,-105,87.60637819,,
-34,59.36069675,,,,,-6,75.28132006,,,,,,,,,,,,,,,,,,,,,,,,,,,,,,,,,,,,,,,,,,,,,,,,,,,,,,-104,87.60233099,,
-33,59.56754305,,,,,-5,75.20581927,,,,,,,,,,,,,,,,,,,,,,,,,,,,,,,,,,,,,,,,,,,,,,,,,,,,,,-103,87.59783944,,
-32,59.7789625,,,,,-4,75.13523467,,,,,,,,,,,,,,,,,,,,,,,,,,,,,,,,,,,,,,,,,,,,,,,,,,,,,,-102,87.59284635,,
-31,59.99518825,,,,,-3,75.06952373,,,,,,,,,,,,,,,,,,,,,,,,,,,,,,,,,,,,,,,,,,,,,,,,,,,,,,-101,87.58729403,,
-30,60.21645176,,,,,-2,75.00858234,,,,,,,,,,,,,,,,,,,,,,,,,,,,,,,,,,,,,,,,,,,,,,,,,,,,,,-100,87.58112422,,
-29,60.44297865,,,,,-1,74.95224992,,,,,,,,,,,,,,,,,,,,,,,,,,,,,,,,,,,,,,,,,,,,,,,,,,,,,,-99,87.57427807,,
-28,60.67498515,,,,,0,74.90032419,,,,,,,,,,,,,,,,,,,,,,,,,,,,,,,,,,,,,,,,,,,,,,,,,,,,,,-98,87.56669614,,
-27,60.9126772,,,,,,,,,,,,,,,,,,,,,,,,,,,,,,,,,,,,,,,,,,,,,,,,,,,,,,,,,,,,-97,87.55831833,,
-26,61.15625342,,,,,,,,,,,,,,,,,,,,,,,,,,,,,,,,,,,,,,,,,,,,,,,,,,,,,,,,,,,,-96,87.54908387,,
-25,61.40590911,,,,,,,,,,,,,,,,,,,,,,,,,,,,,,,,,,,,,,,,,,,,,,,,,,,,,,,,,,,,-95,87.53893125,,
-24,61.66183679,,,,,,,,,,,,,,,,,,,,,,,,,,,,,,,,,,,,,,,,,,,,,,,,,,,,,,,,,,,,-94,87.52779839,,
-23,61.92422184,,,,,,,,,,,,,,,,,,,,,,,,,,,,,,,,,,,,,,,,,,,,,,,,,,,,,,,,,,,,-93,87.51562287,,
-22,62.19323486,,,,,,,,,,,,,,,,,,,,,,,,,,,,,,,,,,,,,,,,,,,,,,,,,,,,,,,,,,,,-92,87.50234247,,
-21,62.46902332,,,,,,,,,,,,,,,,,,,,,,,,,,,,,,,,,,,,,,,,,,,,,,,,,,,,,,,,,,,,-91,87.48789539,,
-20,62.75170468,,,,,,,,,,,,,,,,,,,,,,,,,,,,,,,,,,,,,,,,,,,,,,,,,,,,,,,,,,,,-90,87.47221994,,
-19,63.04136188,,,,,,,,,,,,,,,,,,,,,,,,,,,,,,,,,,,,,,,,,,,,,,,,,,,,,,,,,,,,-89,87.45525417,,
-18,63.33803955,,,,,,,,,,,,,,,,,,,,,,,,,,,,,,,,,,,,,,,,,,,,,,,,,,,,,,,,,,,,-88,87.43693601,,
-17,63.64174089,,,,,,,,,,,,,,,,,,,,,,,,,,,,,,,,,,,,,,,,,,,,,,,,,,,,,,,,,,,,-87,87.41720345,,
-16,63.95242839,,,,,,,,,,,,,,,,,,,,,,,,,,,,,,,,,,,,,,,,,,,,,,,,,,,,,,,,,,,,-86,87.3959945,,
-15,64.27002751,,,,,,,,,,,,,,,,,,,,,,,,,,,,,,,,,,,,,,,,,,,,,,,,,,,,,,,,,,,,-85,87.37324737,,
-14,64.59442714,,,,,,,,,,,,,,,,,,,,,,,,,,,,,,,,,,,,,,,,,,,,,,,,,,,,,,,,,,,,-84,87.34890094,,
-13,64.92547369,,,,,,,,,,,,,,,,,,,,,,,,,,,,,,,,,,,,,,,,,,,,,,,,,,,,,,,,,,,,-83,87.32289496,,
-12,65.26296216,,,,,,,,,,,,,,,,,,,,,,,,,,,,,,,,,,,,,,,,,,,,,,,,,,,,,,,,,,,,-82,87.29516993,,
-11,65.60662944,,,,,,,,,,,,,,,,,,,,,,,,,,,,,,,,,,,,,,,,,,,,,,,,,,,,,,,,,,,,-81,87.26566723,,
-10,65.95615288,,,,,,,,,,,,,,,,,,,,,,,,,,,,,,,,,,,,,,,,,,,,,,,,,,,,,,,,,,,,-80,87.2343295,,
-9,66.3111521,,,,,,,,,,,,,,,,,,,,,,,,,,,,,,,,,,,,,,,,,,,,,,,,,,,,,,,,,,,,-79,87.20110076,,
-8,66.67118972,,,,,,,,,,,,,,,,,,,,,,,,,,,,,,,,,,,,,,,,,,,,,,,,,,,,,,,,,,,,-78,87.16592635,,
-7,67.03576735,,,,,,,,,,,,,,,,,,,,,,,,,,,,,,,,,,,,,,,,,,,,,,,,,,,,,,,,,,,,-77,87.12875271,,
-6,67.4043171,,,,,,,,,,,,,,,,,,,,,,,,,,,,,,,,,,,,,,,,,,,,,,,,,,,,,,,,,,,,-76,87.08952697,,
-5,67.77619418,,,,,,,,,,,,,,,,,,,,,,,,,,,,,,,,,,,,,,,,,,,,,,,,,,,,,,,,,,,,-75,87.04819695,,
-4,68.15067643,,,,,,,,,,,,,,,,,,,,,,,,,,,,,,,,,,,,,,,,,,,,,,,,,,,,,,,,,,,,-74,87.00471152,,
-3,68.52696811,,,,,,,,,,,,,,,,,,,,,,,,,,,,,,,,,,,,,,,,,,,,,,,,,,,,,,,,,,,,-73,86.95902119,,
-2,68.90420231,,,,,,,,,,,,,,,,,,,,,,,,,,,,,,,,,,,,,,,,,,,,,,,,,,,,,,,,,,,,-72,86.91107854,,
-1,69.28144477,,,,,,,,,,,,,,,,,,,,,,,,,,,,,,,,,,,,,,,,,,,,,,,,,,,,,,,,,,,,-71,86.86083849,,
0,69.65770223,,,,,,,,,,,,,,,,,,,,,,,,,,,,,,,,,,,,,,,,,,,,,,,,,,,,,,,,,,,,-70,86.80825839,,
,,,,,,,,,,,,,,,,,,,,,,,,,,,,,,,,,,,,,,,,,,,,,,,,,,,,,,,,,,,,,-69,86.75329799,,
,,,,,,,,,,,,,,,,,,,,,,,,,,,,,,,,,,,,,,,,,,,,,,,,,,,,,,,,,,,,,-68,86.69591953,,
,,,,,,,,,,,,,,,,,,,,,,,,,,,,,,,,,,,,,,,,,,,,,,,,,,,,,,,,,,,,,-67,86.63608793,,
,,,,,,,,,,,,,,,,,,,,,,,,,,,,,,,,,,,,,,,,,,,,,,,,,,,,,,,,,,,,,-66,86.57377079,,
,,,,,,,,,,,,,,,,,,,,,,,,,,,,,,,,,,,,,,,,,,,,,,,,,,,,,,,,,,,,,-65,86.50893785,,
,,,,,,,,,,,,,,,,,,,,,,,,,,,,,,,,,,,,,,,,,,,,,,,,,,,,,,,,,,,,,-64,86.44156016,,
,,,,,,,,,,,,,,,,,,,,,,,,,,,,,,,,,,,,,,,,,,,,,,,,,,,,,,,,,,,,,-63,86.37160966,,
,,,,,,,,,,,,,,,,,,,,,,,,,,,,,,,,,,,,,,,,,,,,,,,,,,,,,,,,,,,,,-62,86.29905939,,
,,,,,,,,,,,,,,,,,,,,,,,,,,,,,,,,,,,,,,,,,,,,,,,,,,,,,,,,,,,,,-61,86.22388358,,
,,,,,,,,,,,,,,,,,,,,,,,,,,,,,,,,,,,,,,,,,,,,,,,,,,,,,,,,,,,,,-60,86.14605717,,
,,,,,,,,,,,,,,,,,,,,,,,,,,,,,,,,,,,,,,,,,,,,,,,,,,,,,,,,,,,,,-59,86.06555521,,
,,,,,,,,,,,,,,,,,,,,,,,,,,,,,,,,,,,,,,,,,,,,,,,,,,,,,,,,,,,,,-58,85.98235252,,
,,,,,,,,,,,,,,,,,,,,,,,,,,,,,,,,,,,,,,,,,,,,,,,,,,,,,,,,,,,,,-57,85.89642372,,
,,,,,,,,,,,,,,,,,,,,,,,,,,,,,,,,,,,,,,,,,,,,,,,,,,,,,,,,,,,,,-56,85.80774316,,
,,,,,,,,,,,,,,,,,,,,,,,,,,,,,,,,,,,,,,,,,,,,,,,,,,,,,,,,,,,,,-55,85.71628478,,
,,,,,,,,,,,,,,,,,,,,,,,,,,,,,,,,,,,,,,,,,,,,,,,,,,,,,,,,,,,,,-54,85.62202195,,
,,,,,,,,,,,,,,,,,,,,,,,,,,,,,,,,,,,,,,,,,,,,,,,,,,,,,,,,,,,,,-53,85.52492734,,
,,,,,,,,,,,,,,,,,,,,,,,,,,,,,,,,,,,,,,,,,,,,,,,,,,,,,,,,,,,,,-52,85.42497324,,
,,,,,,,,,,,,,,,,,,,,,,,,,,,,,,,,,,,,,,,,,,,,,,,,,,,,,,,,,,,,,-51,85.32213188,,
,,,,,,,,,,,,,,,,,,,,,,,,,,,,,,,,,,,,,,,,,,,,,,,,,,,,,,,,,,,,,-50,85.21637569,,
,,,,,,,,,,,,,,,,,,,,,,,,,,,,,,,,,,,,,,,,,,,,,,,,,,,,,,,,,,,,,-49,85.10767741,,
,,,,,,,,,,,,,,,,,,,,,,,,,,,,,,,,,,,,,,,,,,,,,,,,,,,,,,,,,,,,,-48,84.99601053,,
,,,,,,,,,,,,,,,,,,,,,,,,,,,,,,,,,,,,,,,,,,,,,,,,,,,,,,,,,,,,,-47,84.88135001,,
,,,,,,,,,,,,,,,,,,,,,,,,,,,,,,,,,,,,,,,,,,,,,,,,,,,,,,,,,,,,,-46,84.76367253,,
,,,,,,,,,,,,,,,,,,,,,,,,,,,,,,,,,,,,,,,,,,,,,,,,,,,,,,,,,,,,,-45,84.64295591,,
,,,,,,,,,,,,,,,,,,,,,,,,,,,,,,,,,,,,,,,,,,,,,,,,,,,,,,,,,,,,,-44,84.51917801,,
,,,,,,,,,,,,,,,,,,,,,,,,,,,,,,,,,,,,,,,,,,,,,,,,,,,,,,,,,,,,,-43,84.39231585,,
,,,,,,,,,,,,,,,,,,,,,,,,,,,,,,,,,,,,,,,,,,,,,,,,,,,,,,,,,,,,,-42,84.26234544,,
,,,,,,,,,,,,,,,,,,,,,,,,,,,,,,,,,,,,,,,,,,,,,,,,,,,,,,,,,,,,,-41,84.12924222,,
,,,,,,,,,,,,,,,,,,,,,,,,,,,,,,,,,,,,,,,,,,,,,,,,,,,,,,,,,,,,,-40,83.99298092,,
,,,,,,,,,,,,,,,,,,,,,,,,,,,,,,,,,,,,,,,,,,,,,,,,,,,,,,,,,,,,,-39,83.85353477,,
,,,,,,,,,,,,,,,,,,,,,,,,,,,,,,,,,,,,,,,,,,,,,,,,,,,,,,,,,,,,,-38,83.71087456,,
,,,,,,,,,,,,,,,,,,,,,,,,,,,,,,,,,,,,,,,,,,,,,,,,,,,,,,,,,,,,,-37,83.56496872,,
,,,,,,,,,,,,,,,,,,,,,,,,,,,,,,,,,,,,,,,,,,,,,,,,,,,,,,,,,,,,,-36,83.41578427,,
,,,,,,,,,,,,,,,,,,,,,,,,,,,,,,,,,,,,,,,,,,,,,,,,,,,,,,,,,,,,,-35,83.2632878,,
,,,,,,,,,,,,,,,,,,,,,,,,,,,,,,,,,,,,,,,,,,,,,,,,,,,,,,,,,,,,,-34,83.10744598,,
,,,,,,,,,,,,,,,,,,,,,,,,,,,,,,,,,,,,,,,,,,,,,,,,,,,,,,,,,,,,,-33,82.94822551,,
,,,,,,,,,,,,,,,,,,,,,,,,,,,,,,,,,,,,,,,,,,,,,,,,,,,,,,,,,,,,,-32,82.78559306,,
,,,,,,,,,,,,,,,,,,,,,,,,,,,,,,,,,,,,,,,,,,,,,,,,,,,,,,,,,,,,,-31,82.61951598,,
,,,,,,,,,,,,,,,,,,,,,,,,,,,,,,,,,,,,,,,,,,,,,,,,,,,,,,,,,,,,,-30,82.44996372,,
,,,,,,,,,,,,,,,,,,,,,,,,,,,,,,,,,,,,,,,,,,,,,,,,,,,,,,,,,,,,,-29,82.27690885,,
,,,,,,,,,,,,,,,,,,,,,,,,,,,,,,,,,,,,,,,,,,,,,,,,,,,,,,,,,,,,,-28,82.10032655,,
,,,,,,,,,,,,,,,,,,,,,,,,,,,,,,,,,,,,,,,,,,,,,,,,,,,,,,,,,,,,,-27,81.9201928,,
,,,,,,,,,,,,,,,,,,,,,,,,,,,,,,,,,,,,,,,,,,,,,,,,,,,,,,,,,,,,,-26,81.73648292,,
,,,,,,,,,,,,,,,,,,,,,,,,,,,,,,,,,,,,,,,,,,,,,,,,,,,,,,,,,,,,,-25,81.54917176,,
,,,,,,,,,,,,,,,,,,,,,,,,,,,,,,,,,,,,,,,,,,,,,,,,,,,,,,,,,,,,,-24,81.35823497,,
,,,,,,,,,,,,,,,,,,,,,,,,,,,,,,,,,,,,,,,,,,,,,,,,,,,,,,,,,,,,,-23,81.16365022,,
,,,,,,,,,,,,,,,,,,,,,,,,,,,,,,,,,,,,,,,,,,,,,,,,,,,,,,,,,,,,,-22,80.96539771,,
,,,,,,,,,,,,,,,,,,,,,,,,,,,,,,,,,,,,,,,,,,,,,,,,,,,,,,,,,,,,,-21,80.76346011,,
,,,,,,,,,,,,,,,,,,,,,,,,,,,,,,,,,,,,,,,,,,,,,,,,,,,,,,,,,,,,,-20,80.5578225,,
,,,,,,,,,,,,,,,,,,,,,,,,,,,,,,,,,,,,,,,,,,,,,,,,,,,,,,,,,,,,,-19,80.34847236,,
,,,,,,,,,,,,,,,,,,,,,,,,,,,,,,,,,,,,,,,,,,,,,,,,,,,,,,,,,,,,,-18,80.13540004,,
,,,,,,,,,,,,,,,,,,,,,,,,,,,,,,,,,,,,,,,,,,,,,,,,,,,,,,,,,,,,,-17,79.91859931,,
,,,,,,,,,,,,,,,,,,,,,,,,,,,,,,,,,,,,,,,,,,,,,,,,,,,,,,,,,,,,,-16,79.698068,,
,,,,,,,,,,,,,,,,,,,,,,,,,,,,,,,,,,,,,,,,,,,,,,,,,,,,,,,,,,,,,-15,79.47380922,,
,,,,,,,,,,,,,,,,,,,,,,,,,,,,,,,,,,,,,,,,,,,,,,,,,,,,,,,,,,,,,-14,79.24583403,,
,,,,,,,,,,,,,,,,,,,,,,,,,,,,,,,,,,,,,,,,,,,,,,,,,,,,,,,,,,,,,-13,79.01416532,,
,,,,,,,,,,,,,,,,,,,,,,,,,,,,,,,,,,,,,,,,,,,,,,,,,,,,,,,,,,,,,-12,78.77884242,,
,,,,,,,,,,,,,,,,,,,,,,,,,,,,,,,,,,,,,,,,,,,,,,,,,,,,,,,,,,,,,-11,78.53992523,,
,,,,,,,,,,,,,,,,,,,,,,,,,,,,,,,,,,,,,,,,,,,,,,,,,,,,,,,,,,,,,-10,78.2974973,,
,,,,,,,,,,,,,,,,,,,,,,,,,,,,,,,,,,,,,,,,,,,,,,,,,,,,,,,,,,,,,-9,78.05166896,,
,,,,,,,,,,,,,,,,,,,,,,,,,,,,,,,,,,,,,,,,,,,,,,,,,,,,,,,,,,,,,-8,77.80258063,,
,,,,,,,,,,,,,,,,,,,,,,,,,,,,,,,,,,,,,,,,,,,,,,,,,,,,,,,,,,,,,-7,77.55040575,,
,,,,,,,,,,,,,,,,,,,,,,,,,,,,,,,,,,,,,,,,,,,,,,,,,,,,,,,,,,,,,-6,77.29535333,,
,,,,,,,,,,,,,,,,,,,,,,,,,,,,,,,,,,,,,,,,,,,,,,,,,,,,,,,,,,,,,-5,77.03767138,,
,,,,,,,,,,,,,,,,,,,,,,,,,,,,,,,,,,,,,,,,,,,,,,,,,,,,,,,,,,,,,-4,76.77765155,,
,,,,,,,,,,,,,,,,,,,,,,,,,,,,,,,,,,,,,,,,,,,,,,,,,,,,,,,,,,,,,-3,76.51563343,,
,,,,,,,,,,,,,,,,,,,,,,,,,,,,,,,,,,,,,,,,,,,,,,,,,,,,,,,,,,,,,-2,76.25200658,,
,,,,,,,,,,,,,,,,,,,,,,,,,,,,,,,,,,,,,,,,,,,,,,,,,,,,,,,,,,,,,-1,75.98721004,,
,,,,,,,,,,,,,,,,,,,,,,,,,,,,,,,,,,,,,,,,,,,,,,,,,,,,,,,,,,,,,0,75.72173227,,