GF1>+ - Capture (time interval between rows = 1 msec),,,,,,,,,,,GF1>Kir2.1 - Capture,,,,,,,,,,,,,,,,,,,,,,,,,,,GF1>+ - Escape,,,,,,,,,,,,,,,GF1>Kir2.1 - Escape,,,,,,,,,,,
X (mm),Y (mm),X (mm),Y (mm),X (mm),Y (mm),X (mm),Y (mm),X (mm),Y (mm),,X (mm),Y (mm),X (mm),Y (mm),X (mm),Y (mm),X (mm),Y (mm),X (mm),Y (mm),X (mm),Y (mm),X (mm),Y (mm),X (mm),Y (mm),X (mm),Y (mm),X (mm),Y (mm),X (mm),Y (mm),X (mm),Y (mm),X (mm),Y (mm),,X (mm),Y (mm),X (mm),Y (mm),X (mm),Y (mm),X (mm),Y (mm),X (mm),Y (mm),X (mm),Y (mm),X (mm),Y (mm),,X (mm),Y (mm),X (mm),Y (mm),X (mm),Y (mm),X (mm),Y (mm),X (mm),Y (mm),X (mm),Y (mm)
23.1038081,-19.35009977,20.48959832,-10.57604592,30.84539193,-0.592382334,26.87775291,-1.405881425,21.16482687,15.09232584,,16.75975513,-3.92904469,11.97650525,7.524195071,11.54479482,-2.23385129,11.60702655,5.217529506,4.547451935,-1.757963093,14.87623996,-3.967304761,19.18684018,7.68116692,16.18206969,1.531254194,9.700244197,1.831379753,12.82892495,6.119562694,9.747671968,-2.213264177,10.18118112,-0.966573256,5.040211311,5.370519746,,15.67278859,-5.260118537,20.18363724,2.161558114,38.8563999,23.19311598,8.833281701,1.567501546,11.05931912,-4.393207934,17.19983897,0.997477807,30.02467715,-6.043332776,,20.16373828,4.802787517,21.24444835,-3.088706139,13.27323886,3.683870411,20.15788743,8.335620786,60.54337251,-5.177284316,11.73205253,-5.960354463
23.07007401,-19.35037715,20.44968027,-10.54027598,30.72852091,-0.611217014,26.80499918,-1.439300825,21.20824873,15.08069525,,16.74031065,-3.947378762,11.93116331,7.489165969,11.52978633,-2.226562412,11.55553811,5.1952643,4.54705559,-1.757069217,14.81138934,-3.925755935,19.14114376,7.672551178,16.13005919,1.551359274,9.674440956,1.833416204,12.77593987,6.085734798,9.711234099,-2.211290387,10.16786188,-0.982041572,5.009255745,5.274868539,,15.63084863,-5.255945098,20.12213351,2.165809032,38.77437189,23.1110019,8.812460493,1.572706104,11.03422082,-4.385795252,17.1948042,1.007419121,29.9514214,-6.011869902,,20.13990968,4.80197938,21.16662005,-3.097492635,13.22804353,3.693253608,20.13624244,8.297931585,60.45783769,-5.170406583,11.71523376,-5.942817056
23.03467485,-19.34987277,20.40686233,-10.50287947,30.60831962,-0.630614502,26.73060599,-1.473645757,21.25159766,15.06760422,,16.71940022,-3.965859022,11.8833931,7.452764689,11.51438724,-2.21919637,11.50231886,5.172248615,4.546394659,-1.755588848,14.74314067,-3.882894049,19.09161767,7.66242291,16.0748377,1.571586779,9.646282415,1.835503732,12.71857679,6.049888796,9.674453021,-2.208771803,10.15377972,-0.997986647,4.977548606,5.1769877,,15.58675633,-5.251066853,20.05541428,2.16969716,38.69056799,23.02652929,8.791184599,1.577895672,11.00783488,-4.377818974,17.18931739,1.017270872,29.8760344,-5.979330694,,20.11513456,4.800697333,21.08757254,-3.10632034,13.18150095,3.703075846,20.1140726,8.259071279,60.37006519,-5.162892372,11.69688189,-5.924910554
22.99758544,-19.348523,20.36104467,-10.46384355,30.48492259,-0.650553489,26.65467268,-1.50887305,21.29472019,15.05297391,,16.69696308,-3.984435367,11.83315222,7.414997036,11.4986154,-2.21177225,11.44739624,5.148495155,4.545446554,-1.753480535,14.67144866,-3.838744278,19.03810481,7.650691636,16.0163172,1.591880936,9.615660729,1.837635825,12.65666489,6.011980648,9.637413735,-2.205671572,10.1389163,-1.014396249,4.945122553,5.077019294,,15.54046861,-5.245443303,19.98326933,2.17318302,38.60511663,22.93977864,8.769482912,1.583052004,10.98012849,-4.369251564,17.18335442,1.026994388,29.79859211,-5.945738865,,20.08940953,4.798905656,21.00744893,-3.115161749,13.13364848,3.713336386,20.09140441,8.219070867,60.28014265,-5.154714294,11.67693161,-5.906662321
22.95878971,-19.34626685,20.31213577,-10.42315192,30.3584661,-0.671011434,26.57729826,-1.544935175,21.33746606,15.03672906,,16.67293729,-4.003055195,11.7804013,7.375871382,11.48248491,-2.204310054,11.39079562,5.124017934,4.544189322,-1.750706075,14.59626382,-3.793331956,18.98046093,7.637267783,15.95441539,1.612184932,9.58247236,1.839800509,12.5900389,5.971970611,9.600191685,-2.201956025,10.12324967,-1.031262075,4.912002629,4.975111972,,15.49194643,-5.239034989,19.9054926,2.176232485,38.51814058,22.85083397,8.747379061,1.588157539,10.9510671,-4.36006614,17.17688655,1.036552462,29.71917411,-5.911121813,,20.06273305,4.796570133,20.92639084,-3.123987779,13.08451867,3.724031882,20.06825549,8.177958596,60.18816148,-5.145843412,11.65531704,-5.888099091
22.91828053,-19.34304618,20.26005297,-10.38078514,30.22908782,-0.691964788,26.49858124,-1.581780125,21.3796885,15.01879819,,16.64725956,-4.021663485,11.72510275,7.335397917,11.46600632,-2.196830675,11.33253944,5.098832446,4.542601667,-1.747230652,14.51753349,-3.74668214,18.9185553,7.622063253,15.88905609,1.63244118,9.546618142,1.841980514,12.51854008,5.929823679,9.562852553,-2.197594739,10.10675438,-1.048579542,4.878206491,4.871419974,,15.44115461,-5.231803693,19.82188319,2.178816871,38.42975596,22.75978199,8.724891447,1.593195438,10.92061436,-4.350236361,17.16988058,1.04590958,29.63786383,-5.875510798,,20.0351066,4.793658689,20.84453735,-3.132768024,13.03413924,3.735156164,20.04463459,8.135759965,60.09421675,-5.136249455,11.63197207,-5.8692468
22.87605929,-19.33880564,20.20472241,-10.33672134,30.09692762,-0.713388934,26.41861911,-1.619351297,21.42124388,14.99911358,,16.61986501,-4.040202972,11.66722063,7.293588087,11.44918706,-2.189355818,11.27264732,5.072955608,4.540662745,-1.743022809,14.43520402,-3.698819137,18.85227031,7.604991869,15.82016913,1.652591591,9.508002746,1.844153779,12.44201696,5.885509984,9.525452667,-2.192560402,10.08940206,-1.066347336,4.84374546,4.766102532,,15.38806097,-5.223712726,19.73224617,2.180912717,38.34007243,22.66671153,8.7020337,1.59814954,10.88873143,-4.339735878,17.1622992,1.055031933,29.55474911,-5.838941124,,20.00653546,4.790141811,20.76202399,-3.141471157,12.98253341,3.746700062,20.02054242,8.092498123,59.99840625,-5.12590123,11.60683085,-5.850130515
22.83213502,-19.33349267,20.14607847,-10.29093688,29.96212878,-0.735257916,26.3375074,-1.657587435,21.46199126,14.97761111,,16.59068694,-4.058614422,11.6067213,7.25045441,11.43203193,-2.181907929,11.21113626,5.046405536,4.538351908,-1.738054444,14.34922291,-3.649766023,18.78150057,7.585969822,15.74768987,1.672577905,9.466534168,1.846293866,12.36032598,5.839005127,9.488039363,-2.186828659,10.07116203,-1.084566987,4.808624766,4.659323478,,15.3326351,-5.21472728,19.63639362,2.182501583,38.24919403,22.57171303,8.678815085,1.603004329,10.85537604,-4.328537609,17.15410127,1.06388741,29.46992205,-5.801452295,,19.97702813,4.785992537,20.67898125,-3.150065031,12.92972017,3.758651303,19.9959726,8.048194324,59.90082839,-5.114767054,11.57982835,-5.830774379
22.78652245,-19.32705741,20.08406339,-10.24340705,29.82483956,-0.75754412,26.25533889,-1.696422599,21.50179229,14.95423017,,16.55965691,-4.07683685,11.54357426,7.206010347,11.41454339,-2.174510196,11.1480207,5.019201264,4.535648565,-1.732300827,14.25954014,-3.599544503,18.70615184,7.564916207,15.67155888,1.692341994,9.422123749,1.848370245,12.27333216,5.790290416,9.450651393,-2.180377969,10.05200205,-1.103242441,4.772842934,4.551250707,,15.2748478,-5.204814599,19.53414566,2.183569861,38.15721941,22.47487792,8.655240842,1.607744928,10.82050202,-4.31661342,17.14524199,1.072445573,29.38347823,-5.763088096,,19.94659512,4.781186116,20.59553318,-3.158516422,12.87571468,3.770994464,19.97091262,8.002868379,59.80157981,-5.102815044,11.55090111,-5.811201519
22.73923955,-19.3194525,20.01862716,-10.19410686,29.68521377,-0.780217919,26.17220322,-1.735786104,21.54051139,14.92891363,,16.526705,-4.094807597,11.4777526,7.16026999,11.39672178,-2.16718657,11.08331247,4.991362451,4.532532153,-1.725740634,14.16610822,-3.548175167,18.62614025,7.541753567,15.59172194,1.711826101,9.374686635,1.850348526,12.18090949,5.739353009,9.413319443,-2.173189521,10.03188916,-1.122379663,4.736391547,4.442055555,,15.21467135,-5.193943923,19.42533162,2.184108622,38.0642416,22.37629817,8.631312555,1.612357096,10.78405978,-4.303934405,17.13567303,1.08067757,29.29551554,-5.723896654,,19.91524808,4.775699773,20.51179659,-3.166790689,12.82052846,3.783711004,19.94534467,7.956538999,59.70075376,-5.090013261,11.51998802,-5.791433747
22.69030552,-19.31063307,19.94972762,-10.14301206,29.54340907,-0.803247042,26.08818611,-1.775602469,21.57801626,14.90160793,,16.49176,-4.112462428,11.40923282,7.113247605,11.37856551,-2.159961765,11.01702025,4.962909028,4.528982172,-1.718355934,14.06888144,-3.495677905,18.54139191,7.516408301,15.50813039,1.730973002,9.324142061,1.852190739,12.082941,5.686185849,9.376066662,-2.16524718,10.01079046,-1.14198632,4.699256295,4.33191243,,15.1520798,-5.182086246,19.30979106,2.184113493,37.9703483,22.27606595,8.607028669,1.616827181,10.74599718,-4.290471406,17.12534264,1.088556005,29.20613355,-5.683930521,,19.883,4.769512908,20.42788087,-3.174851568,12.76416948,3.796779238,19.91924637,7.909224006,59.59843965,-5.076329837,11.48703172,-5.771490919
22.63973969,-19.30055676,19.8773305,-10.09010013,29.39958403,-0.826595828,26.00336814,-1.815791767,21.61417825,14.87226324,,16.45474956,-4.129735698,11.33799433,7.064957373,11.36007127,-2.152861196,10.94914902,4.933860744,4.524978208,-1.71013216,13.96781571,-3.442072414,18.45184241,7.488810877,15.42074177,1.749726122,9.270413104,1.853855704,11.97931853,5.630787515,9.338909107,-2.156537409,9.988673776,-1.16207148,4.661418757,4.220998499,,15.08704917,-5.169214092,19.18737504,2.183584538,37.87562235,22.17427354,8.582384983,1.621142066,10.70626013,-4.276195337,17.1141957,1.096054853,29.11543381,-5.643246859,,19.84986614,4.762607569,20.34388764,-3.18266118,12.7066426,3.810174118,19.89259136,7.860940417,59.49472336,-5.061733212,11.4519801,-5.751390227
22.58756105,-19.28918408,19.80140902,-10.03535104,29.2538971,-0.8502249,25.91782471,-1.856271095,21.64887297,14.84083373,,16.4156004,-4.146560465,11.26401937,7.015413496,11.34123409,-2.145910779,10.87969978,4.904236611,4.520499895,-1.701058091,13.86286926,-3.387378787,18.35743612,7.458895852,15.32952022,1.768029621,9.213425935,1.855299578,11.86994295,5.573162231,9.301856257,-2.147049186,9.965508186,-1.182645267,4.622857858,4.109492967,,15.0195577,-5.155301421,19.05794686,2.182526053,37.7801418,22.07101286,8.557375012,1.6252891,10.66479268,-4.261077213,17.10217403,1.10314944,29.02352053,-5.601907664,,19.81586479,4.754968691,20.25991038,-3.190180214,12.64795066,3.823866869,19.86534968,7.811704443,59.38968755,-5.046192441,11.41478742,-5.731145892
22.53378803,-19.27647865,19.72194219,-9.978747502,29.10650717,-0.874091247,25.83162788,-1.896956806,21.68198062,14.80727776,,16.37423862,-4.162868536,11.1872934,6.964630456,11.3220469,-2.139136597,10.80867005,4.874054336,4.515526952,-1.691125873,13.75400393,-3.331618116,18.25812565,7.426601845,15.2344362,1.785828572,9.153110018,1.856476372,11.75472447,5.513320088,9.264911607,-2.136773987,9.941264283,-1.203718431,4.583551033,3.997575987,,14.94958619,-5.140323576,18.92138199,2.180946129,37.68397963,21.96637465,8.531990206,1.629256058,10.62153716,-4.245088184,17.08921674,1.109816429,28.93050134,-5.559979924,,19.78101699,4.746583845,20.17603408,-3.197368236,12.58809555,3.837824841,19.83748801,7.761531453,59.28341166,-5.02967749,11.3754149,-5.71076924
22.47843861,-19.26240738,19.63891141,-9.92027476,28.95757382,-0.898148414,25.74484837,-1.937766059,21.71338562,14.77155784,,16.33058989,-4.178590648,11.10780615,6.912623012,11.30249979,-2.132564438,10.73605455,4.84332989,4.510039342,-1.680331089,13.64118633,-3.274813117,18.15387158,7.391871626,15.13546534,1.803069373,9.089401858,1.857338098,11.63358282,5.451277334,9.22807317,-2.12570578,9.915914186,-1.22530188,4.543475263,3.885427675,,14.87711843,-5.124257346,18.77756711,2.178855998,37.58720377,21.86044769,8.506220129,1.633031101,10.576435,-4.2281999,17.07526051,1.116033777,28.83648789,-5.517535614,,19.74534497,4.73744285,20.0923346,-3.204184025,12.52707897,3.85201164,19.80896986,7.710435991,59.1759718,-5.01215944,11.33383115,-5.690268848
22.42153078,-19.24694034,19.55229773,-9.859920241,28.80725677,-0.922346659,25.65755665,-1.978617259,21.7429752,14.73363996,,16.28457937,-4.193656975,11.02555282,6.859405841,11.28257934,-2.126219354,10.66184596,4.812077227,4.504017475,-1.668672841,13.52438866,-3.216988667,18.0446424,7.354652312,15.03258712,1.819700177,9.022251612,1.857834527,11.50644782,5.387056699,9.191333914,-2.113841002,9.889431385,-1.247406286,4.502607623,3.773227314,,14.80214165,-5.107081193,18.62639975,2.17626944,37.4898769,21.75331828,8.480052671,1.636602753,10.52942842,-4.210385378,17.06023961,1.121780689,28.74159618,-5.474651258,,19.7088706,4.727537654,20.00887759,-3.210585816,12.46490279,3.866387497,19.77975583,7.658431853,59.0674406,-4.993610655,11.2900123,-5.669650661
22.36308311,-19.23005039,19.46208112,-9.797672925,28.65571452,-0.94663306,25.5698237,-2.019430018,21.77063753,14.69349279,,16.23613136,-4.20799768,10.94053429,6.804993123,11.26226871,-2.120125368,10.58603534,4.780308158,4.49744234,-1.656153823,13.40358959,-3.158172067,17.93041437,7.314895625,14.92578416,1.835671078,8.951628449,1.857913003,11.37326004,5.320687674,9.154682046,-2.101178479,9.861790751,-1.270041719,4.46092566,3.661152567,,14.72464693,-5.088775605,18.46778896,2.173202428,37.39205597,21.64506986,8.453474278,1.639959881,10.48046271,-4.191620073,17.04408609,1.127037547,28.64594721,-5.431406922,,19.67161463,4.716862407,19.92571768,-3.216531491,12.40156848,3.880910031,19.74980378,7.605532246,58.95788692,-4.974004974,11.24394136,-5.648918089
22.30311558,-19.21171276,19.36824132,-9.733522507,28.50310242,-0.970951464,25.48172097,-2.060125029,21.79626069,14.65108721,,16.18516951,-4.221543199,10.85275596,6.749398225,11.24154787,-2.114305257,10.50861239,4.748032373,4.490295609,-1.642780339,13.27877481,-3.098393056,17.81117188,7.272558255,14.81504234,1.850934086,8.877523096,1.857518495,11.23397163,5.252206622,9.118101021,-2.087719305,9.832968698,-1.293217226,4.418408564,3.549378764,,14.64462945,-5.069323454,18.30165674,2.169672909,37.29379204,21.53578305,8.426470167,1.643091702,10.42948739,-4.171882466,17.02673006,1.131785815,28.54966834,-5.387884804,,19.63359624,4.705413424,19.84289848,-3.221978885,12.33707569,3.895535229,19.7190691,7.551750094,58.8473753,-4.953317882,11.19560694,-5.628072105
22.24165077,-19.19190458,19.2707585,-9.667458966,28.34957126,-0.995242316,25.39331943,-2.100623851,21.81973245,14.60639636,,16.13161709,-4.234224393,10.76222681,6.692633218,11.2203936,-2.108780299,10.42956548,4.715257572,4.48255973,-1.62856231,13.14993671,-3.037683787,17.68690809,7.227602429,14.70035116,1.865443043,8.799949071,1.856593719,11.08854703,5.181656725,9.081569493,-2.073466726,9.802943158,-1.316940397,4.375038783,3.43807837,,14.56208869,-5.048710268,18.12793922,2.165700553,37.19513078,21.42553587,8.399024534,1.645987828,10.37645566,-4.151153774,17.00810005,1.13600794,28.45289523,-5.344168021,,19.59483213,4.693188842,19.76045271,-3.226886162,12.27142113,3.910218138,19.68750515,7.497098408,58.73596539,-4.931526608,11.14500245,-5.607111405
22.17871512,-19.17060494,19.16961355,-9.599472793,28.19526686,-1.019442629,25.30468825,-2.140848699,21.84094027,14.55939573,,16.0753972,-4.245972839,10.66895957,6.6347084,11.19877926,-2.103570124,10.34888193,4.681989657,4.474217974,-1.61351328,13.01707363,-2.976078848,17.55762586,7.179996585,14.58170452,1.879153577,8.718943635,1.855079259,10.93696369,5.109087938,9.045061369,-2.058426046,9.771693265,-1.341216932,4.330802927,3.327420504,,14.47702835,-5.026924377,17.94658747,2.161306366,37.09611298,21.31440391,8.371120765,1.648638307,10.32132289,-4.129417077,16.98812329,1.139687283,28.3557729,-5.300340024,,19.55533595,4.680188142,19.67840213,-3.231212006,12.20459784,3.924913438,19.65506358,7.441590508,58.62371144,-4.908610105,11.09212599,-5.586032605
22.11433956,-19.14779531,19.06478828,-9.529555534,28.04032964,-1.04348626,25.2158941,-2.180722261,21.85977136,14.51006317,,16.01643255,-4.256721261,10.57297145,6.575632273,11.17667498,-2.098692763,10.26654847,4.648232995,4.465254411,-1.5976504,12.8801894,-2.913615327,17.42333814,7.129715845,14.45910163,1.89202311,8.634568559,1.852913647,10.7792122,5.03455696,9.008545928,-2.042604554,9.739198946,-1.366050181,4.285692198,3.217570397,,14.38945615,-5.003956907,17.75756781,2.156512181,36.99677506,21.20246022,8.342741649,1.651033588,10.26404592,-4.106656766,16.96672595,1.142808059,28.25845608,-5.25648452,,19.51511883,4.666411957,19.5967569,-3.234915468,12.1365946,3.939576195,19.62169425,7.385239986,58.51066207,-4.884548937,11.03698054,-5.564830367
22.0485596,-19.12345979,18.95626554,-9.457700262,27.88489406,-1.067304355,25.12700109,-2.220167527,21.87611263,14.4583788,,15.95464532,-4.266404084,10.4742847,6.515411951,11.15404819,-2.094164854,10.18255189,4.613990677,4.455653871,-1.580994415,12.73929332,-2.850332703,17.28406741,7.076742149,14.33254789,1.904010915,8.546910775,1.850033384,10.61529609,4.958127051,8.971987934,-2.026011509,9.705440676,-1.391440711,4.23970348,3.108688932,,14.29938356,-4.979801795,17.56086257,2.151340199,36.89714979,21.08977502,8.313869502,1.65316445,10.20458382,-4.082858799,16.94383338,1.145355331,28.16110864,-5.212685565,,19.47419019,4.651862195,19.51551474,-3.237955646,12.06739555,3.954162662,19.58734463,7.328060436,58.39686041,-4.859325241,10.97957437,-5.543497366
21.98141478,-19.09758475,18.84402921,-9.383901894,27.7290886,-1.09082575,25.0380709,-2.259107651,21.88985102,14.40432481,,15.88995697,-4.274957932,10.37292727,6.454053562,11.13086453,-2.090001866,10.09687991,4.57926473,4.445401943,-1.563569684,12.59440075,-2.786272281,17.13984454,7.02106419,14.20205562,1.915078337,8.456082977,1.846372872,10.44523175,4.879867863,8.93534779,-2.008658157,9.670399455,-1.417385939,4.192840797,3.000932193,,14.20682575,-4.954455975,17.35647197,2.145812717,36.79726741,20.97641564,8.284486139,1.655021946,10.14289945,-4.058011416,16.91937023,1.14731505,28.06390252,-5.169027641,,19.43255784,4.636542173,19.43466029,-3.240291532,11.99697995,3.968630939,19.55195929,7.27006513,58.28234474,-4.832922794,10.91992147,-5.522024213
21.91294732,-19.07015822,18.72806434,-9.308157543,27.5730368,-1.11397737,24.9491629,-2.29746595,21.90087375,14.34788539,,15.82228829,-4.282321862,10.26893372,6.391562417,11.10708837,-2.086218243,10.0095223,4.544056252,4.434484996,-1.545404231,12.44553473,-2.721476208,16.99070811,6.962677428,14.06764414,1.925189269,8.362222291,1.841864626,10.26904936,4.799855499,8.898581798,-1.990557724,9.634056855,-1.443879863,4.145116192,2.894450933,,14.11180153,-4.927919662,17.14441673,2.139952015,36.69715616,20.86244646,8.254572725,1.656597423,10.07896099,-4.032105832,16.89326069,1.148674087,27.96701652,-5.125595697,,19.39022732,4.620456739,19.35416465,-3.241882107,11.92532232,3.982941439,19.5154799,7.211266917,58.16714954,-4.80532713,10.85804159,-5.500399476
21.84320024,-19.04116934,18.60835784,-9.230467092,27.41685772,-1.136684828,24.86033375,-2.335166099,21.909068,14.28904638,,15.75155904,-4.288437403,10.16234565,6.327942888,11.08268261,-2.082827439,9.920471864,4.508365494,4.422890248,-1.526529767,12.29272816,-2.655986428,16.83670411,6.901584265,13.9293397,1.934310755,8.265482986,1.836440508,10.08679417,4.718172722,8.861642375,-1.971725436,9.596394999,-1.470912805,4.096550486,2.789390216,,14.01433332,-4.900196498,16.92474061,2.133780337,36.59684183,20.74792888,8.224109736,1.657882622,10.01274309,-4.005136765,16.8654287,1.149420205,27.87063561,-5.082475178,,19.34720092,4.60361231,19.27398498,-3.242686601,11.85239268,3.997057111,19.47784546,7.151678331,58.05130652,-4.776525667,10.79395976,-5.478609788
21.77221575,-19.01060809,18.48489958,-9.150833926,27.26066484,-1.158873318,24.77163698,-2.372132512,21.91431963,14.22779456,,15.67768782,-4.293248577,10.05321142,6.263198256,11.05760824,-2.079841961,9.829725382,4.472191934,4.410605658,-1.506981542,12.13602464,-2.589844214,16.67788584,6.837794294,13.78717571,1.942413541,8.166024026,1.83003393,9.898527434,4.634909002,8.824478195,-1.952178597,9.557396507,-1.498471175,4.047174107,2.685889478,,13.91444724,-4.871293588,16.69751274,2.127319955,36.49634706,20.63292132,8.193077109,1.658869775,9.944227658,-3.977102815,16.8357981,1.149542002,27.77495016,-5.039752,,19.30347695,4.586016787,19.19406454,-3.242664774,11.7781567,4.010943548,19.43899286,7.091311725,57.93484544,-4.74650784,10.72770465,-5.45664002
21.70003498,-18.97846505,18.35768353,-9.069265724,27.10456387,-1.180468604,24.68312299,-2.408290978,21.91651198,14.16411687,,15.60059225,-4.29670195,9.941586145,6.197331041,11.03182414,-2.077273487,9.737284049,4.43553441,4.397618853,-1.486797778,11.97547805,-2.523090588,16.51431393,6.771324481,13.64119369,1.949472481,8.06399852,1.822581881,9.704326528,4.550160322,8.78703435,-1.931936735,9.517044568,-1.526537274,3.997026945,2.584082713,,13.81217356,-4.841221561,16.46282987,2.120593282,36.39569132,20.51747936,8.161454524,1.659551665,9.873404512,-3.948006738,16.80429286,1.14902886,27.68015465,-4.997512512,,19.25904988,4.567679493,19.11433325,-3.241777086,11.70257567,4.024569109,19.39885758,7.030179388,57.81779443,-4.715265224,10.65930636,-5.434473516
21.6266997,-18.94473116,18.22670905,-8.985775237,26.94864971,-1.201398044,24.59483965,-2.443569813,21.91552532,14.09800014,,15.52018958,-4.298746747,9.827531759,6.13034374,11.00528736,-2.075133,9.643153787,4.398391315,4.383914934,-1.466018659,11.81115198,-2.455767251,16.34605628,6.702199112,13.49144452,1.955466778,7.959548955,1.814026032,9.504284864,4.464028991,8.74925251,-1.911021765,9.475323224,-1.555089089,3.946157206,2.484098329,,13.70754721,-4.809994625,16.22081799,2.11362294,36.29489123,20.40165606,8.129221676,1.659921643,9.800272277,-3.917855617,16.77083739,1.147870962,27.58644651,-4.955843537,,19.21391108,4.548611222,19.03470837,-3.239984787,11.62560709,4.037904801,19.35737441,6.968293595,57.70018025,-4.682791563,10.5887952,-5.412092301
21.55225402,-18.90939784,18.09198138,-8.900381063,26.79300339,-1.221591516,24.50683272,-2.47790138,21.91123714,14.02943128,,15.43639735,-4.299335061,9.711115881,6.062239044,10.97795333,-2.073430865,9.547345357,4.360760779,4.369474421,-1.444685355,11.64311961,-2.387917486,16.17318764,6.630449452,13.33798979,1.960380122,7.85280643,1.804313165,9.298512251,4.376623542,8.711071052,-1.889458105,9.432217654,-1.584100184,3.8946202,2.386058707,,13.60060836,-4.777630569,15.97163141,2.106431952,36.19396056,20.2855018,8.096358579,1.659973633,9.724839325,-3.886660892,16.73535721,1.146059481,27.49402554,-4.914832452,,19.16804969,4.528824402,18.95509502,-3.237250037,11.54720708,4.05092349,19.31447749,6.905666521,57.5820283,-4.649082657,10.51620165,-5.389477155
21.47674338,-18.87245727,17.95350975,-8.813108258,26.6376924,-1.240981507,24.4191455,-2.511223225,21.90352288,13.95839758,,15.3491339,-4.298422044,9.592409628,5.99301933,10.94977617,-2.072176821,9.449874144,4.322640754,4.354272292,-1.422839431,11.47146388,-2.319586697,15.99578929,6.556113445,13.18090307,1.964200824,7.743891521,1.793395361,9.087135545,4.288058388,8.672425386,-1.867272682,9.387714328,-1.613539729,3.842477359,2.290079607,,13.49140297,-4.744150874,15.71544844,2.099044063,36.09290997,20.16906407,8.062845841,1.659702158,9.647124492,-3.854438207,16.69777961,1.143586824,27.40309335,-4.874567225,,19.12145383,4.508333401,18.87538666,-3.233536116,11.46733376,4.063598725,19.27010012,6.842310149,57.46336242,-4.614136199,10.44155691,-5.366607622
21.40021205,-18.83390251,17.81130359,-8.72398843,26.48277461,-1.259502274,24.33181816,-2.543478417,21.89225709,13.88488709,,15.25831878,-4.295965883,9.471485903,5.922686142,10.92070868,-2.071379828,9.350759696,4.284029044,4.338277864,-1.400522592,11.29627756,-2.250822325,15.81394903,6.479235557,13.02027104,1.966921956,7.632915433,1.781230076,8.87029976,4.198453182,8.633248673,-1.844494747,9.341801246,-1.643372631,3.789795498,2.196269516,,13.3799832,-4.70958088,15.45246723,2.091483999,35.99174772,20.05238736,8.028664872,1.6591024,9.567157235,-3.82120719,16.65803385,1.140446683,27.31385246,-4.835136391,,19.07411149,4.487154621,18.79546572,-3.228807603,11.38594906,4.075904256,19.22417463,6.778236391,57.34420483,-4.577951772,10.36489319,-5.343462094
21.32270168,-18.79372766,17.66536976,-8.633059301,26.32830214,-1.277089169,24.24488726,-2.574615411,21.8773148,13.80888892,,15.16387333,-4.291927539,9.348418871,5.851240019,10.89070235,-2.071047857,9.250025298,4.244923381,4.321455205,-1.377776525,11.11766344,-2.181673322,15.62776102,6.39986651,12.85619395,1.968541371,7.519980744,1.767779994,8.64816978,4.10793222,8.593473041,-1.8211553,9.294468184,-1.673559702,3.736646747,2.104729011,,13.26640748,-4.673949786,15.18290489,2.083777579,35.89048089,19.93551327,7.993798047,1.658170253,9.484977475,-3.786991205,16.6160507,1.136633786,27.22650509,-4.796628987,,19.0260103,4.465306075,18.71520412,-3.223030416,11.30301836,4.087814487,19.17663252,6.713457281,57.22457641,-4.540530998,10.28624401,-5.320017984
21.24425112,-18.75192797,17.51571281,-8.54036425,26.17432311,-1.293678454,24.15838534,-2.604587814,21.85857229,13.73039343,,15.06572145,-4.286270432,9.22328437,5.778680733,10.85970766,-2.071187749,9.147697929,4.205321567,4.303764183,-1.354642684,10.93573479,-2.112189925,15.43732545,6.318062994,12.68878547,1.969061603,7.405181795,1.753012761,8.420931755,4.016623963,8.553030824,-1.797286277,9.245706601,-1.704057911,3.683109305,2.015550128,,13.15073992,-4.63729042,14.90699906,2.075951729,35.78911565,19.81848043,7.958228928,1.656902344,9.400635282,-3.751817155,16.57176176,1.13214356,27.14125235,-4.759134412,,18.9771371,4.442806881,18.63446357,-3.216171709,11.21850945,4.099305278,19.12740434,6.647985107,57.10449687,-4.501877646,10.20564401,-5.296251842
21.16489674,-18.70850019,17.36233732,-8.445951961,26.02088131,-1.309207176,24.07234099,-2.633354112,21.83590678,13.64939192,,14.96379052,-4.278960253,9.096160945,5.705007951,10.82767442,-2.071805161,9.043808558,4.165221627,4.285161815,-1.331162002,10.75061536,-2.042423985,15.24274914,6.233887718,12.51817159,1.96848978,7.288605219,1.73690084,8.188793601,3.924660623,8.511855596,-1.772919807,9.195509446,-1.734820634,3.629268218,1.928815638,,13.03304998,-4.599639102,14.62500976,2.068034394,35.68765664,19.70132431,7.921942466,1.655296051,9.314189782,-3.715715591,16.52509899,1.126971933,27.0582937,-4.722742209,,18.92747854,4.41967717,18.55309579,-3.208199729,11.13239138,4.110354828,19.07641972,6.581832443,56.9839847,-4.461997631,10.12312791,-5.272139413
21.0846731,-18.66344292,17.20525128,-8.349875815,25.86801391,-1.32361317,23.98677911,-2.66087745,21.80919564,13.5658763,,14.85801207,-4.269965009,8.967131011,5.630222066,10.79455196,-2.072904473,8.938392149,4.12462188,4.265603313,-1.307374673,10.56243891,-1.972429444,15.04414661,6.147409727,12.34448916,1.966837567,7.170330759,1.719421572,7.95198514,3.832177889,8.4698838,-1.748087383,9.143871305,-1.765797782,3.575215286,1.844598358,,12.9134127,-4.561035816,14.33722002,2.06005438,35.58610694,19.58407739,7.884925129,1.653349559,9.225707307,-3.678721172,16.47599459,1.121115263,26.9778262,-4.687541729,,18.87702232,4.3959382,18.47094253,-3.199083598,11.04463358,4.12094453,19.02360713,6.515012049,56.86305721,-4.420898898,10.03872932,-5.24765572
21.00361399,-18.61675715,17.04446954,-8.252192937,25.71574828,-1.336835502,23.90172128,-2.68712544,21.77831594,13.47983893,,14.74832224,-4.259255155,8.836281895,5.55432501,10.76028912,-2.074488653,8.831486952,4.083520936,4.24504282,-1.283320019,10.3713489,-1.902262581,14.84164072,6.058704508,12.16788446,1.964121058,7.05043208,1.700557307,7.710758084,3.739314646,8.42705677,-1.722819105,9.090788909,-1.796935909,3.521048094,1.762960664,,12.79190914,-4.521524526,14.04393472,2.052041365,35.48446857,19.46676958,7.847165023,1.651061925,9.135260381,-3.640873139,16.42438124,1.114570331,26.90004339,-4.653621568,,18.82575798,4.371612313,18.3878356,-3.188792884,10.95520544,4.131059612,18.96889355,6.447536706,56.74173059,-4.378591259,9.952480271,-5.222775286
20.92175354,-18.56844674,16.88001612,-8.152963151,25.56410022,-1.348815109,23.81718616,-2.71207001,21.74314458,13.39127286,,14.63466256,-4.246803674,8.703706769,5.477320989,10.72483431,-2.076559176,8.723133466,4.041917682,4.223434188,-1.259036333,10.17749909,-1.831981989,14.63536246,5.967853803,11.98851259,1.960360656,6.928977366,1.680295535,7.465385534,3.646212579,8.383321813,-1.697143465,9.036261869,-1.828178598,3.466868163,1.683954029,,12.66862704,-4.481153476,13.74547884,2.04402619,35.38274262,19.34942845,7.808652145,1.648433108,9.04292782,-3.602215458,16.37019259,1.107334369,26.82513463,-4.621068749,,18.77367702,4.346722758,18.30359785,-3.177296936,10.86407662,4.140689501,18.91220416,6.379419173,56.62001966,-4.335086299,9.864411925,-5.197472384
20.83912663,-18.5185188,16.71192522,-8.052248285,25.41307397,-1.359495234,23.73318937,-2.735687308,21.70355865,13.30017213,,14.51698078,-4.232586101,8.569505258,5.399217021,10.6881358,-2.07911605,8.613373802,3.999811341,4.200731804,-1.234560671,9.981054165,-1.761648355,14.42545085,5.874945443,11.80653714,1.955581071,6.80602985,1.658629036,7.216160951,3.553015795,8.33863193,-1.671087758,8.980293493,-1.859467113,3.412778091,1.607618225,,12.54366185,-4.439975547,13.44219708,2.03604115,35.28092919,19.23207916,7.769378702,1.645464019,8.948794248,-3.562796659,16.31336375,1.099405138,26.75328506,-4.58996765,,18.72077276,4.321293584,18.21804406,-3.164564415,10.77121745,4.149828092,18.85346208,6.310672319,56.4979374,-4.290397291,9.774555411,-5.171721187
20.75576763,-18.46698329,16.54024138,-7.950112098,25.26266294,-1.368821697,23.64974297,-2.75795762,21.6594363,13.20653209,,14.39523174,-4.21658058,8.433783039,5.320023057,10.65014218,-2.082157911,8.502251717,3.957201558,4.176891299,-1.209928739,9.782190059,-1.69132416,14.212053,5.780073239,11.62212976,1.949811428,6.681648593,1.63555603,6.963396845,3.459870519,8.292944952,-1.644678663,8.922891218,-1.890740906,3.358878572,1.533980486,,12.41711761,-4.398048652,13.13445476,2.028119909,35.17902817,19.11474472,7.729339434,1.642156608,8.852948466,-3.522669252,16.2538318,1.090781038,26.68467549,-4.560398632,,18.66704064,4.295349627,18.13098068,-3.150563288,10.67659917,4.158474039,18.79258838,6.241309363,56.37549422,-4.244538954,9.682942704,-5.145495773
20.67170878,-18.41385274,16.36501885,-7.846620435,25.11285046,-1.37674319,23.56685519,-2.778865274,21.61065784,13.11034963,,14.269378,-4.198768052,8.296650457,5.239751694,10.61080264,-2.085682093,8.389813129,3.914088502,4.151870097,-1.185174946,9.581094486,-1.621073531,13.99532372,5.683336601,11.43546991,1.943085375,6.555889576,1.611080325,6.707423791,3.366924897,8.246222909,-1.617942635,8.864066439,-1.921937731,3.305266415,1.463055267,,12.289107,-4.355435861,12.82263902,2.020297183,35.07704113,18.99744645,7.688531982,1.638513903,8.755481982,-3.48188902,16.19153637,1.081461287,26.61948171,-4.532436614,,18.61247808,4.268916409,18.04220483,-3.135260985,10.58019402,4.16663109,18.72950232,6.171344116,56.25269765,-4.19752715,9.589607525,-5.118770055
20.5869795,-18.35914232,16.18631975,-7.74184115,24.96361029,-1.383211591,23.48453039,-2.798398504,21.55710621,13.01162301,,14.13939051,-4.179132611,8.158221542,5.158417967,10.5700671,-2.089684633,8.27610692,3.870472989,4.125627834,-1.160332516,9.377967358,-1.550962447,13.77542469,5.584839888,11.24674497,1.935441005,6.42880693,1.585211464,6.448590275,3.274328711,8.198431749,-1.59090609,8.803833901,-1.952993526,3.252033469,1.39484455,,12.15975101,-4.312205054,12.50716011,2.012608528,34.97497311,18.88020434,7.646957217,1.634540019,8.656488719,-3.440514849,16.12641999,1.071446074,26.55787363,-4.506149998,,18.55708402,4.242019883,17.95150395,-3.118624541,10.48197481,4.174308523,18.66412162,6.100791112,56.12955228,-4.149378698,9.494586216,-5.09151785
20.5016065,-18.30287037,16.00421229,-7.635844081,24.81490697,-1.388182202,23.40276946,-2.816549231,21.49866688,12.91035129,,14.00524924,-4.15766184,8.018614369,5.076039666,10.52788628,-2.094160165,8.161185746,3.826356617,4.098126711,-1.135433617,9.173020381,-1.481059018,13.55252344,5.484691772,11.05615015,1.926920528,6.300454282,1.557964871,6.187263691,3.18223279,8.149541379,-1.563595577,8.742210699,-1.983842355,3.199265909,1.329338072,,12.02917845,-4.268428099,12.18845251,2.005090149,34.8728327,18.76303697,7.604619474,1.630240159,8.556065339,-3.398609025,16.05842845,1.060736713,26.50001398,-4.481599927,,18.50085807,4.214686057,17.8586568,-3.100621025,10.38191428,4.181521832,18.59636233,6.029665522,56.00605997,-4.10011129,9.397918497,-5.06371307
20.41561442,-18.24505865,15.81877028,-7.528701565,24.66669636,-1.391613938,23.32156981,-2.83331274,21.43522794,12.80653414,,13.86694399,-4.134347021,7.877951954,4.992637994,10.48421182,-2.099101821,8.045106753,3.7817419,4.06933187,-1.110509488,8.966476359,-1.411433539,13.32679282,5.38300481,10.86388838,1.917569709,6.170886208,1.529361991,5.923832498,3.090788197,8.099526059,-1.536038004,8.679215065,-2.014416433,3.147043802,1.266513382,,11.89752469,-4.224179775,11.86697548,1.997778545,34.77063105,18.64596127,7.56152685,1.625620615,8.454311086,-3.35623736,15.98751095,1.049335839,26.446056,-4.458839661,,18.44379953,4.186940457,17.76343527,-3.081217987,10.27998443,4.188293513,18.52613864,5.957982933,55.88221996,-4.049743404,9.299647938,-5.035330016
20.32902733,-18.18573205,15.63007394,-7.420489569,24.51892638,-1.393469517,23.24092537,-2.848687287,21.36668104,12.70017221,,13.72447539,-4.109183171,7.736362661,4.908238132,10.43899688,-2.104501252,7.927932206,3.736632429,4.039211796,-1.085590549,8.758568952,-1.342158444,13.09841102,5.279895163,10.67017091,1.907437144,6.040159686,1.499430463,5.658708148,3.000145306,8.048364955,-1.508260864,8.614865312,-2.044646114,3.095441068,1.206336203,,11.76493026,-4.17953671,11.54321317,1.990710248,34.66838099,18.5289925,7.517691555,1.620688763,8.351327199,-3.313468928,15.91362055,1.037247606,26.39614059,-4.437913939,,18.38590703,4.158807751,17.6656057,-3.060383338,10.17615649,4.194653619,18.45336301,5.885759216,55.75802888,-3.998294161,9.199821912,-5.00634371
20.24187076,-18.12491744,15.43821106,-7.311288947,24.37153772,-1.393715701,23.16082651,-2.862673766,21.29292205,12.59126755,,13.57785599,-4.082169023,7.593979831,4.822869516,10.39219683,-2.110348748,7.809730101,3.691033032,4.007738645,-1.060706446,8.549542554,-1.273308182,12.86756144,5.17548228,10.47521858,1.896573514,5.908335309,1.468204198,5.392324958,2.910452855,7.996042614,-1.480292274,8.549179145,-2.074459818,3.044525288,1.148761056,,11.63153943,-4.134576537,11.2176752,1.98392179,34.56609626,18.41214428,7.473130117,1.615453044,8.24721651,-3.27037571,15.83671474,1.024477844,26.35039332,-4.418858072,,18.32717934,4.13031186,17.56492972,-3.038084814,10.07040142,4.200639998,18.37794689,5.813010593,55.63348083,-3.945783154,9.098490769,-4.976730171
20.15417274,-18.06264235,15.24327846,-7.201186086,24.22446439,-1.392323588,23.08126057,-2.875275488,21.21385061,12.47982348,,13.42711105,-4.053307086,7.450941039,4.736565944,10.34376991,-2.116633333,7.690574861,3.644949869,3.974888687,-1.035886021,8.339652004,-1.204958829,12.63443236,5.069888547,10.27926273,1.885030979,5.775477951,1.435723177,5.125138353,2.821857039,7.942549081,-1.452160828,8.482173395,-2.103783959,2.994356903,1.093731565,,11.49749959,-4.089377559,10.89089819,1.977449454,34.4637908,18.29542875,7.427863358,1.609922907,8.14208346,-3.22703239,15.7567561,1.011034112,,,,18.26761609,4.101476125,17.46116485,-3.014289593,9.962690578,4.206298396,18.29980117,5.739753675,55.50856765,-3.8922303,8.99570645,-4.946466594
20.06596374,-17.99893408,15.04538344,-7.090272396,24.07763424,-1.389268966,23.00221262,-2.886498283,21.12936952,12.3658442,,13.27227858,-4.022603827,7.307387641,4.649365709,10.29367768,-2.123342815,7.57054789,3.598390409,3.9406431,-1.01115728,8.1291622,-1.1371876,12.39921679,4.96323902,10.08254525,1.872862735,5.641657006,1.402033069,4.857623044,2.734500696,7.887879198,-1.423895468,8.413864031,-2.132542917,2.944988242,1.041180294,,11.3629609,-4.044018849,10.56344818,1.971328605,34.36147857,18.17885691,7.381916305,1.604108745,8.03603467,-3.183516245,15.67371279,0.996925696,,,,18.20721782,4.072323168,17.35406473,-2.988964322,9.852996006,4.211682529,18.21883581,5.666005227,55.38327946,-3.837655818,8.89152159,-4.915531458
19.97727637,-17.93381962,14.84464448,-6.978643017,23.93096941,-1.384532727,22.92366693,-2.896351396,21.03938505,12.24933476,,13.11340873,-3.990069916,7.163464537,4.561311767,10.24188509,-2.130463722,7.449737403,3.551363242,3.904988812,-0.986547322,7.918347388,-1.070072561,12.16211279,4.855661293,9.885317984,1.86012273,5.506946627,1.367185012,4.590271319,2.648522685,7.832031221,-1.395525489,8.34426605,-2.160659029,2.896463337,0.991028992,,11.22807612,-3.998580419,10.23592257,1.96559303,34.25917387,18.06243922,7.335318013,1.59802184,7.929179932,-3.139906977,15.58755891,0.982163645,,,,18.14598629,4.042874938,17.2433792,-2.962075772,9.74128996,4.216854106,18.13495887,5.591781876,55.25760529,-3.782080304,8.785989607,-4.883904459
19.88814541,-17.86732582,14.64119132,-6.866395838,23.7843863,-1.378101377,22.84560834,-2.90484889,20.94380815,12.13030119,,12.95056256,-3.955720514,7.019319458,4.472451862,10.18836051,-2.137981201,7.328237482,3.503877724,3.867918638,-0.9620822,7.707490282,-1.003692566,11.92332388,4.747285465,9.687842263,1.846865643,5.371426014,1.331235571,4.323590511,2.564057422,7.775005539,-1.367080657,8.273393226,-2.188052637,2.848819148,0.94319031,,11.0930012,-3.953143463,9.908951081,1.960274829,34.15689127,17.94618611,7.288100966,1.59167427,7.821632705,-3.096286383,15.49827456,0.966760792,,,,18.08392538,4.013153124,17.1288552,-2.933591853,9.627543279,4.221882818,18.04807627,5.517100112,55.13153377,-3.72552491,8.679165217,-4.851566193
19.79860721,-17.79947947,14.43516475,-6.753631348,23.63779524,-1.36996746,22.76802254,-2.912010579,20.84255509,12.00875051,,12.78381018,-3.919575622,6.875102062,4.382838767,10.13307601,-2.145878976,7.206147082,3.455943711,3.829430596,-0.93778669,7.496881539,-0.93812711,11.68305918,4.638243967,9.490388252,1.833147145,5.235179234,1.294246567,4.058099287,2.481234081,7.716804014,-1.338591423,8.201257814,-2.21464235,2.802087924,0.897570501,,10.95789651,-3.907790661,9.583195924,1.955404614,34.05464482,17.83010806,7.240300218,1.585078803,7.71350965,-3.052737912,15.40584556,0.950731582,,,,18.0210409,3.98317924,17.01023807,-2.903482188,9.511723451,4.226846339,17.95809229,5.441976568,55.00505379,-3.668011519,8.571104397,-4.818497825
19.70869827,-17.73030679,14.22671662,-6.640453004,23.49109948,-1.360129659,22.69089564,-2.917862123,20.73554756,11.8846905,,12.61322922,-3.881660397,6.730963768,4.29253063,10.07600788,-2.154139351,7.08356934,3.407571641,3.789527022,-0.913684041,7.286819386,-0.873455897,11.44153302,4.528671112,9.293234124,1.819024193,5.09829436,1.256284651,3.794323827,2.400175432,7.65742982,-1.31008909,8.127870469,-2.240345576,2.756299479,0.85407153,,10.82292772,-3.862606277,9.25935188,1.951011388,33.95244728,17.71421558,7.191952843,1.578248848,7.604930485,-3.009346298,15.31026315,0.934091756,,,,17.95733952,3.952974277,16.88727219,-2.871717781,9.393793306,4.231830388,17.86491047,5.366428337,54.87815458,-3.609562798,8.461863221,-4.784681104
19.61845357,-17.65983296,14.01600997,-6.526967639,23.34419405,-1.34859258,22.61421353,-2.922434612,20.62271337,11.75812998,,12.43890426,-3.84200534,6.587057973,4.20159121,10.01713714,-2.162743207,6.960610603,3.358772969,3.748213972,-0.889795767,7.07760895,-0.809758042,11.1989639,4.418702418,9.096665073,1.80455503,4.960862692,1.217420768,3.532795327,2.320997038,7.596887655,-1.281605754,8.053240683,-2.265079089,2.711482712,0.812592213,,10.68826559,-3.817676141,8.938146234,1.94712202,33.85031032,17.59851932,7.143097839,1.571198484,7.496018918,-2.966197404,15.21152416,0.916858141,,,,17.892828,3.922558412,16.75970104,-2.838270007,9.273710134,4.236928854,17.76843422,5.290473151,54.75082528,-3.550202155,8.351496296,-4.750098634
19.52790644,-17.58808223,13.80321924,-6.413285669,23.19696535,-1.335366529,22.5379608,-2.925763904,20.50398775,11.62907973,,12.26092696,-3.800646377,6.443540028,4.110090115,9.956449754,-2.171670004,6.837378515,3.309560818,3.705500927,-0.866141561,6.869561122,-0.747111258,10.95557368,4.308473952,8.900971898,1.789798817,4.822979206,1.177729654,3.274048516,2.243806906,7.535184381,-1.253173989,7.977377413,-2.288759242,2.667666531,0.773029057,,10.55408515,-3.773087621,8.620338591,1.943760743,33.74824551,17.48303024,7.093776103,1.563942506,7.386903654,-2.923378141,15.10963122,0.899048624,,,,17.82751282,3.891950867,16.62726722,-2.803109609,9.151425073,4.242244007,17.66856701,5.214129297,54.62305476,-3.489953787,8.240055885,-4.714734116
19.43708919,-17.51507854,13.5885307,-6.299521027,23.04929221,-1.320467424,22.46211919,-2.927889961,20.37931473,11.49755327,,12.07939606,-3.757624841,6.300566912,4.018103085,9.893936114,-2.180897859,6.713979836,3.259950616,3.661400711,-0.842739264,6.66299096,-0.685591443,10.71158675,4.198121783,8.706448842,1.774814989,4.684744391,1.137289405,3.018619707,2.16870494,7.472329946,-1.224826383,7.900289804,-2.311302006,2.624880274,0.735277042,,10.42056465,-3.728929142,,,33.64626479,17.36775961,7.044030355,1.556496517,7.277718579,-2.880976278,15.00459312,0.88068226,,,,17.76140034,3.861169908,16.48971306,-2.766206255,9.026883166,4.247886708,17.56521226,5.137415408,54.49483166,-3.428842848,8.127591739,-4.67857258
19.34603276,-17.44084586,13.37214307,-6.185790752,22.90104734,-1.30391674,22.38666656,-2.928856397,20.24864733,11.36356725,,11.89441712,-3.712987318,6.158296315,3.925712111,9.829590089,-2.190403819,6.590519349,3.209960513,3.615929552,-0.819604799,6.458215677,-0.625272747,10.46722927,4.087781412,8.513390816,1.759662597,4.546266379,1.096181132,2.767043032,2.095782556,7.408338246,-1.196595197,7.821988985,-2.332623413,2.583153966,0.699230466,,10.28788441,-3.685289007,,,33.54438066,17.25271895,6.993905174,1.548877004,7.16860221,-2.839080132,14.89642501,0.861779396,,,,17.69449786,3.830233138,16.34678168,-2.7275286,8.900024216,4.253976512,17.45827355,5.060350362,54.36614473,-3.36689556,8.01415101,-4.641600575
19.25476571,-17.36540827,13.15426744,-6.07221433,22.75209866,-1.285741367,22.31157669,-2.928710185,20.11194708,11.22714149,,11.70610261,-3.666785432,6.016885329,3.833005517,9.763408266,-2.200164266,6.46710008,3.159611618,3.569107244,-0.796752102,6.25555248,-0.566227817,10.2227285,3.977587189,8.322090614,1.744399955,4.407662304,1.054488774,2.51984306,2.025123186,7.343227817,-1.168512168,7.742491347,-2.352640685,2.542518635,0.664784157,,10.15622569,-3.642254212,,,33.44260662,17.13792051,6.943447278,1.541101349,7.059697151,-2.797778137,14.78514864,0.842361669,,,,17.62681552,3.799158009,16.19821832,-2.687044615,8.770784043,4.260641574,17.34765508,4.982953387,54.23698254,-3.30413913,7.899777648,-4.603806183
19.16331358,-17.28879038,12.93512656,-5.958913219,22.60231032,-1.265973329,22.23681975,-2.927501379,19.96918418,11.08829933,,11.51457228,-3.619075728,5.876489448,3.740078155,9.695389913,-2.210155122,6.343823783,3.108928139,3.520957318,-0.774193139,6.055316624,-0.50852793,9.978312446,3.867671826,8.132837161,1.729084628,4.269059099,1.012298991,2.27752483,1.956803054,7.277022461,-1.140608305,7.661821512,-2.371273536,2.503006306,0.631835248,,10.0257698,-3.599909834,,,33.34095829,17.02337793,6.892705927,1.533187804,6.951150092,-2.757158106,14.67079229,0.822451841,,,,17.55836749,3.767962175,16.04377245,-2.644722238,8.639095692,4.26801834,17.23326216,4.905244312,54.1073329,-3.240601629,7.784511475,-4.565178805
19.07169927,-17.2110178,12.71495447,-5.846010888,22.45154258,-1.244649299,22.16236312,-2.925282853,19.82033852,10.94706835,,11.31995444,-3.569919733,5.737262215,3.647031615,9.625537289,-2.220351772,6.220791285,3.057937364,3.471507002,-0.751937959,5.857819865,-0.452242844,9.734209641,3.75816598,7.945915316,1.713773384,4.130594197,0.969701035,2.040565822,1.890891195,7.209751745,-1.112913597,7.580013089,-2.38844496,2.464649595,0.600285013,,9.896697747,-3.558338753,,,33.23945422,16.90910692,6.841733222,1.525155516,6.843111877,-2.717306228,14.55338999,0.802073471,,,,17.48917168,3.736663344,15.88320056,-2.600530299,8.504890341,4.276251061,17.11500175,4.827243826,53.97718235,-3.17631208,7.668387965,-4.525708914
18.97994384,-17.1321176,12.49399711,-5.733633154,22.29965134,-1.221810002,22.08817228,-2.922110114,19.66540051,10.80348076,,11.12238755,-3.519384182,5.599355036,3.553974321,9.55385554,-2.230728816,6.098103183,3.006669509,3.420786769,-0.72999463,5.663369345,-0.397440348,9.490649068,3.64919793,7.761606629,1.698521922,3.992415693,0.926786384,1.809411297,1.827448949,7.141451228,-1.085456728,7.497107769,-2.404081525,2.427481593,0.570040129,,9.769189826,-3.51762123,,,33.13811533,16.79512532,6.79058431,1.517024595,6.73573706,-2.678306289,14.43298018,0.781250584,,,,17.41924812,3.705278736,15.71626878,-2.554439346,8.3680979,4.28549116,16.99278297,4.748973576,53.84651614,-3.111300635,7.551438913,-4.485388066
18.8880673,-17.05211854,12.27251317,-5.621908209,22.14648812,-1.197499767,22.01421164,-2.918041205,19.50437113,10.65757324,,10.92202205,-3.467541335,5.462916746,3.461021478,9.480351928,-2.24125965,5.975861047,2.955157503,3.368829503,-0.708369095,5.472266719,-0.344185734,9.247860372,3.540893417,7.58019,1.683384558,3.854681764,0.883648171,,,7.072162371,-1.058264839,7.413154743,-2.418113564,2.391536151,0.541013609,,9.643424694,-3.477834311,,,33.03696383,16.6814528,6.739317631,1.508816151,6.629183345,-2.640239225,14.30960448,0.760007504,,,,17.34861772,3.67382476,15.54275462,-2.506422135,8.22864731,4.295896486,16.86651741,4.670456127,53.71531772,-3.045598539,7.433693336,-4.444209187
18.7960889,-16.97105069,12.05077434,-5.510966038,21.9919011,-1.171766341,21.94044519,-2.913136627,19.33726182,10.50938679,,10.71902182,-3.414469207,5.32809323,3.368294831,9.405035001,-2.251916078,5.854168485,2.903436748,3.315669741,-0.687065178,5.284806836,-0.292541297,9.006074248,3.433375619,7.401941557,1.66841388,3.717560485,0.840380852,,,7.001932358,-1.031363298,7.328210994,-2.430475509,2.356847506,0.513125741,,9.519578691,-3.439051315,,,32.93602249,16.56811073,6.687995138,1.500552279,6.523611045,-2.603182633,14.18330743,0.738368824,,,,17.277302,3.642317112,15.36244795,-2.45645388,8.086467106,4.307630468,16.73611952,4.591714972,53.58356827,-2.979237877,7.315178236,-4.402166957
18.70402726,-16.88894487,11.82906505,-5.400937599,21.83573645,-1.144660753,21.86683702,-2.90745923,19.16409407,10.35896666,,10.51356489,-3.360251597,5.195027414,3.275922211,9.327914293,-2.262668175,5.733131527,2.851544855,3.261343304,-0.666084803,5.10127573,-0.242565414,8.765522857,3.326765123,7.227133967,1.653660294,3.581230931,0.797080497,,,6.930814186,-1.004775554,7.242341467,-2.441106315,2.32344832,0.486304685,,9.397825799,-3.401341502,,,32.83531429,16.45512195,6.636682318,1.492255991,6.41918185,-2.567210104,14.05413692,0.716359439,,,,17.20532334,3.610770898,15.17515192,-2.404512417,7.941486898,4.320861147,16.60150679,4.512774638,53.4512467,-2.912251398,7.195918872,-4.359258168
18.61190092,-16.80583222,11.60768176,-5.291954329,21.67783932,-1.116237066,21.79335174,-2.901074057,18.98489904,10.20636238,,10.30584315,-3.304977996,5.063859171,3.184036806,9.249000239,-2.273484345,5.612858292,2.799521301,3.205887364,-0.645428282,4.921949203,-0.194311354,8.526440045,3.221179783,7.056036003,1.639171579,3.445884155,0.753845117,,,6.858867043,-0.978523074,7.155618314,-2.449949865,2.29136684,0.460486619,,9.278338005,-3.364769893,,,32.73486243,16.34251061,6.585447978,1.483951123,6.31605712,-2.532390636,13.92214506,0.694004614,,,,17.13270492,3.579200598,14.98068391,-2.350578344,7.793639037,4.335760113,16.46259966,4.433660729,53.31832994,-2.844672397,7.07593818,-4.315482045
18.51972949,-16.72174428,11.38693231,-5.184148097,21.51805448,-1.086552023,21.71995471,-2.894048101,18.79971763,10.05162799,,10.096062,-3.248743551,4.934724896,3.092776227,9.168304061,-2.284331373,5.493458385,2.747406977,3.149341056,-0.625094487,4.747093568,-0.147826773,8.289061149,3.116734521,6.888912345,1.624992673,3.31172164,0.710773953,,,6.786156761,-0.952625307,7.06811926,-2.456955297,2.26062511,0.435616144,,9.161285883,-3.329397258,,,32.63469116,16.23030219,6.534363763,1.475662222,6.214396455,-2.498788459,13.78738881,0.671329989,,,,17.05947035,3.54761998,14.77887655,-2.294635192,7.642858868,4.352501587,16.31932117,4.354399718,53.18479289,-2.776534465,6.955255948,-4.270840544
18.42753428,-16.63671326,11.16713544,-5.077651358,21.35622685,-1.055664678,21.64661164,-2.886449814,18.60860076,9.894822333,,9.884440661,-3.191649125,4.807757382,3.002281613,9.085837779,-2.295174551,5.37504286,2.695243628,3.091746716,-0.605080891,4.576968671,-0.103153983,8.053622364,3.013541079,6.72602311,1.611165706,3.178951223,0.667965527,,,6.712756297,-0.927099668,6.979925855,-2.462077331,,,,9.046839465,-3.295280159,,,32.5348268,16.11852388,6.48350307,1.467414351,6.114356039,-2.466463243,13.64993003,0.648361395,,,,16.98564322,3.51604209,14.56957874,-2.236669587,7.48908324,4.371261802,16.17159657,4.275018707,53.05060769,-2.70787119,6.833888925,-4.225338584
18.33533827,-16.55077217,10.94862018,-4.972597262,21.19220249,-1.023636114,21.57328782,-2.878348392,18.41160929,9.736009114,,9.671212508,-3.133801241,4.683085772,2.912696828,9.001614209,-2.305978072,5.257724975,2.643073462,3.033151659,-0.585383538,4.411831413,-0.060330238,7.820360097,2.911707783,6.567623319,1.597730158,3.047783232,0.62551559,,,6.638746171,-0.901961592,6.891122481,-2.465276612,,,,8.935169203,-3.262470793,,,32.43529737,16.00720459,6.432939423,1.45923283,6.016086459,-2.435470223,13.50983522,0.625124488,,,,16.91124725,3.484479376,14.35265559,-2.176671388,7.332248742,4.392218394,16.01935372,4.195545524,52.91574324,-2.638716044,6.711852053,-4.178984091
18.24316565,-16.46395456,10.73172473,-4.869119583,21.02583001,-0.990529341,21.4999474,-2.869813082,18.2088135,9.575256713,,9.456623989,-3.075311788,4.560834893,2.824167637,8.915646871,-2.316705596,5.141620681,2.590939259,2.973609724,-0.565997092,4.251937968,-0.019387953,7.589510715,2.811339353,6.413962503,1.584723114,2.91842858,0.583515905,,,6.564214284,-0.87722474,6.801796104,-2.466520096,,,,8.826446794,-3.231016724,,,32.3361314,15.89637479,6.382745178,1.451143027,5.919731274,-2.405859916,13.3671753,0.601644369,,,,16.83630696,3.452943853,14.12798803,-2.114633866,7.172291357,4.415549467,15.86252393,4.116009093,52.78016514,-2.569102373,6.589160399,-4.13178773
18.15104206,-16.37629447,10.51679503,-4.767352435,20.85696207,-0.956409299,21.42655323,-2.860912746,18.00029253,9.412638068,,9.240932149,-3.016297582,4.441125014,2.736840904,8.827950159,-2.327320675,5.026847452,2.538884713,2.913181511,-0.546915091,4.097544321,0.019644908,7.36131047,2.712536674,6.265284013,1.572179708,2.791097913,0.542053661,,,6.489254668,-0.852901318,6.712036247,-2.465781359,,,,8.720845471,-3.200960655,,,32.23735716,15.78606643,6.332991123,1.443170243,5.825427359,-2.377677846,13.22202588,0.577945372,,,,16.76084751,3.421446882,13.89547331,-2.050554168,7.009147188,4.441432314,15.70104288,4.036439711,52.64383571,-2.499063254,6.465831312,-4.083762459
18.05899491,-16.28782656,10.30418355,-4.667429883,20.68545679,-0.921342804,21.35306685,-2.851715562,17.78613447,9.248230816,,9.024402447,-2.95688001,4.324072686,2.650863609,8.738539838,-2.337786853,4.913521665,2.486954457,2.851933276,-0.528130456,3.948903638,0.056744605,7.135995428,2.615396495,6.121823772,1.560133532,2.666000559,0.501210976,,,6.413965591,-0.829002266,6.621934856,-2.463040669,,,,8.618539293,-3.172339976,,,32.13900266,15.67631317,6.283746662,1.435339635,5.733306538,-2.350964557,13.07446772,0.554051059,,,,16.68489296,3.389998592,13.65502654,-1.984433825,6.842752889,4.470042064,15.53485142,3.956869158,52.50671393,-2.428631288,6.341885881,-4.034923153
17.96705281,-16.19858618,10.0942491,-4.56948542,20.51117865,-0.885398353,21.27944872,-2.842288779,17.56643684,9.082117516,,8.807307945,-2.89718478,4.20979139,2.566381702,8.647433544,-2.348067582,4.801756446,2.43519387,2.78993565,-0.509636095,3.806256741,0.091892334,6.913801522,2.520011163,5.98380884,1.548616728,2.543343104,0.461064174,,,6.338447678,-0.805537291,6.531586122,-2.458284857,,,,8.519701298,-3.145185605,,,32.04109542,15.56715042,6.23508013,1.427676152,5.643496715,-2.325755534,12.924587,0.529984285,,,,16.60846445,3.358607618,13.4065824,-1.916278918,6.673045935,4.501550465,15.36389641,3.877330769,52.36875598,-2.357838583,6.217348898,-3.985286299
17.87524471,-16.10860929,9.887357528,-4.473651249,20.33399904,-0.848645796,21.20565831,-2.83269845,17.34130736,8.914385796,,8.589928972,-2.837341657,4.098391488,2.48353917,8.554651219,-2.358126088,4.691661172,2.383648896,2.727263168,-0.491425334,3.669818254,0.125075799,6.694964356,2.426468456,5.851456042,1.537659592,,,,,6.262802219,-0.782515062,6.441086329,-2.451507188,,,,8.424500665,-3.11952009,,,31.94366207,15.45861527,6.187059189,1.420204431,5.556121383,-2.302080694,12.77247573,0.505767153,,,,16.53157901,3.327281338,13.15009653,-1.846100027,6.499965853,4.536124744,15.18813166,3.797859592,52.22991631,-2.286717027,6.092248026,-3.934869722
17.78359982,-16.01793244,9.683881969,-4.380057536,20.1537966,-0.811156054,21.13165397,-2.823009056,17.1108648,8.745128589,,8.3725521,-2.777483995,3.989980383,2.402477484,8.460215646,-2.367925317,4.583341942,2.332365847,2.663994416,-0.473492172,3.539767954,0.156290356,6.47971858,2.334851442,5.724970464,1.527289715,,,,,6.187129554,-0.759943732,6.350533708,-2.44270728,,,,8.333099672,-3.095355762,,,31.84672882,15.35074658,6.139751318,1.412948649,5.471298509,-2.279963759,12.61823182,0.481420792,,,,16.45424914,3.296026214,12.88554696,-1.773912337,6.323456871,4.573926079,15.00751887,3.718492616,52.0901488,-2.215298643,5.966613599,-3.883692548
17.69214831,-15.92659276,9.484201178,-4.288832097,19.9704581,-0.77300101,21.05739199,-2.813282853,16.87523949,8.574444173,,8.155468695,-2.717748077,3.884662894,2.323335107,8.364153126,-2.377427984,4.476901761,2.281391164,2.600212232,-0.455831493,3.416249985,0.185539278,6.268297191,2.245238432,5.604543641,1.517531012,,,,,6.111527603,-0.737831601,6.260028111,-2.431891051,,,,8.245651173,-3.072693789,,,31.75032314,15.24358517,6.093224379,1.405932362,5.389140025,-2.259421705,12.4619589,0.456964992,,,,16.37648362,3.264848193,12.612936,-1.69973596,6.143471645,4.615107506,14.82202804,3.639268813,51.94940749,-2.143615856,5.840479258,-3.831775471
17.60092136,-15.83462791,9.288696352,-4.200100477,19.78387947,-0.734253449,20.98282528,-2.80357902,16.63457316,8.402435754,,7.938973545,-2.658272281,3.782540784,2.246246728,8.266494115,-2.386596697,4.372440102,2.230771345,2.536003844,-0.438439277,3.299374976,0.212833779,6.060930316,2.157702985,5.490351214,1.508403026,,,,,6.036090745,-0.716187637,6.169670147,-2.4190708,,,,,,,,31.65447559,15.13717394,6.047547172,1.399178284,5.309751915,-2.240464234,12.30376577,0.432417911,,,,16.29828893,3.233753173,12.33229248,-1.623596302,5.959975087,4.659811783,14.63163717,3.560228933,51.80764658,-2.071701554,5.713882378,-3.779141148
17.50995058,-15.74207606,9.097747509,-4.113985825,19.5939664,-0.694986828,20.90790246,-2.793952963,16.38901862,8.229210945,,7.723363687,-2.599195924,3.683710966,2.171342333,8.167273395,-2.395394139,4.270052245,2.180553025,2.47146107,-0.421312753,3.18922203,0.238193064,5.857842992,2.072313834,5.382549485,1.499920474,,,,,5.960909184,-0.695021675,6.079559973,-2.404265331,,,,,,,,31.55921984,15.03155759,6.002789911,1.392708015,5.233234315,-2.223093223,12.14376588,0.407795999,,,,16.21967004,3.202747193,12.04367415,-1.545524627,5.772947209,4.70816963,14.43633228,3.481415315,51.66482004,-1.999589083,5.58686329,-3.725814567
17.41926784,-15.64897613,8.9117302,-4.030608198,19.40063435,-0.655274941,20.83256792,-2.784455964,16.13874003,8.054881486,,7.508937651,-2.54065785,3.588263554,2.098746543,8.066529417,-2.403783409,4.16982846,2.130782935,2.406680599,-0.404450496,3.085840159,0.261644439,5.659252666,1.989134781,5.281271081,1.492092796,,,,,5.886068526,-0.674344254,5.989796695,-2.387499817,,,,,,,,31.46459066,14.92678181,5.959024446,1.386541748,5.159681173,-2.20730224,11.98207661,0.38311416,,,,16.14062981,3.171836162,11.74716999,-1.465559078,5.582384875,4.760298131,14.23610782,3.402871909,51.52088186,-1.927312381,5.459463618,-3.671823402
17.32890551,-15.55536827,8.731012883,-3.950083385,19.20380901,-0.615191687,20.75676226,-2.775135062,15.88391374,7.879563264,,7.295994766,-2.482794938,3.496281198,2.028578041,7.964303361,-2.411728529,4.0718533,2.081507632,2.341764293,-0.387852572,,,5.465367371,1.908224491,5.186620525,1.484923554,,,,,5.811649016,-0.654166173,5.900478737,-2.368805449,,,,,,,,31.3706216,14.8228925,5.91632414,1.38069797,5.089179374,-2.193076082,11.81881845,0.358386133,,,,16.06116758,3.141025414,,,5.388302941,4.816298911,14.03096714,3.324644258,51.37578711,-1.854906211,5.331725136,-3.617198346
17.23889626,-15.46129414,8.555955042,-3.872521621,19.0034274,-0.57481104,20.68042296,-2.766033014,15.62472964,7.703376661,,7.084833865,-2.425740688,3.407839849,1.960948562,7.860639006,-2.419194711,3.976205707,2.032773067,2.276819302,-0.371520712,,,5.276384549,1.829636153,5.09866928,1.478409775,,,,,5.737724422,-0.634497975,5.811704847,-2.348219247,,,,,,,,31.277344,14.71993565,5.874763363,1.375193134,5.021807658,-2.180390374,11.6541144,0.333624998,,,,15.98127834,3.110319551,,,5.190735689,4.876256079,13.8209226,3.246779284,51.22949327,-1.782406213,5.203689494,-3.561973148
17.14927218,-15.3667969,8.3869045,-3.798026881,18.79943937,-0.534207059,20.60348515,-2.757188262,15.36139206,7.526447076,,6.875751581,-2.369624027,3.323009823,1.895961519,7.755583265,-2.42614805,3.882959754,1.984624156,2.211957795,-0.355458341,,,5.092490636,1.753417451,5.017450089,1.472541372,,,,,5.664361299,-0.615349607,5.723575311,-2.325784229,,,,,,,,31.18478748,14.61795763,5.834416362,1.370041277,4.957635419,-2.169211296,11.4880897,0.308843542,,,,15.90095325,3.079722631,,,4.98973931,4.940234235,13.60599584,3.169325106,51.08196105,-1.709848766,5.075398196,-3.506183922
17.06006402,-15.27192104,8.224192638,-3.726696968,18.591809,-0.493453815,20.52588244,-2.74863493,15.09411974,7.348905076,,6.669040806,-2.314568343,3.241855773,1.83371066,7.649186384,-2.432554746,3.792185304,1.937104541,2.147296141,-0.339670361,,,4.913861283,1.679610959,4.942953205,1.467301011,,,,,5.591618886,-0.596730321,5.636192897,-2.301549781,,,,,,,,31.09298095,14.51700578,5.79535556,1.365253599,,,11.32087183,0.284054214,,,,15.82018036,3.049238241,,,,,13.38621808,3.092330995,50.93315427,-1.637270836,4.94689304,-3.449867892
16.97130145,-15.17671215,8.068129509,-3.658623407,18.38051546,-0.452625086,20.44754769,-2.740402844,14.82314484,7.170885948,,6.464989414,-2.260690679,3.164435074,1.774278635,7.541501794,-2.438380322,3.703947908,1.890256672,2.082953641,-0.324162785,,,4.740660945,1.608254162,4.875126967,1.462665041,,,,,5.519548814,-0.578648586,5.549663198,-2.275571843,,,,,,,,31.00195383,14.41712873,5.757650082,1.360838158,,,11.15259044,0.259268752,,,,15.7389449,3.018869325,,,,,13.16163022,3.015847253,50.78303927,-1.564709944,4.818217393,-3.393062409
16.88301427,-15.08121649,7.919001037,-3.593889968,18.16555328,-0.411793927,20.36841359,-2.732517587,14.54871218,6.99252908,,6.263878925,-2.208101082,3.090795868,1.717735538,7.432586378,-2.443589162,3.618307663,1.844122055,2.019051355,-0.308942391,,,4.573041457,1.539378918,4.813880425,1.458604912,,,,,5.448194043,-0.561111912,5.464094458,-2.247912765,,,,,,,,30.91173662,14.31837623,5.721365281,1.356799717,,,10.98337732,0.234497917,,,,15.65722931,2.988617949,,,,,12.93228311,2.939925042,50.6315847,-1.492204183,4.689417404,-3.335804684
16.79523294,-14.98548041,7.777067864,-3.532570166,17.94693279,-0.371032363,20.28841332,-2.725000545,14.27107834,6.813977542,,6.065982645,-2.156902041,3.020976474,1.664137652,7.322500984,-2.448144412,3.535317935,1.798741304,1.955711452,-0.294016485,,,4.411140801,1.473011041,4.759083428,1.455087716,,,,,5.377587757,-0.544126667,5.379597199,-2.218640928,,,,,,,,30.82236088,14.22079847,5.686563163,1.353139759,,,10.81336684,0.209751637,,,,15.5750131,2.958484993,,,,,12.69823845,2.864616387,50.47876178,-1.419792207,4.560542001,-3.278131902
16.70798843,-14.88954999,7.642564629,-3.474725316,17.7246812,-0.33041126,20.2074811,-2.717868936,13.99051123,6.635377912,,5.87156362,-2.107188021,2.955005561,1.613526228,7.211310269,-2.452008216,3.4550251,1.754153819,1.893057051,-0.279392859,,,4.255082599,1.409170395,,,,,,,5.307752971,-0.52769793,5.296283661,-2.18783022,,,,,,,,30.73385854,14.12444547,5.653303209,1.349856634,,,10.64269662,0.185039321,,,,15.4922724,2.928469895,,,,,12.45956992,2.789974325,50.32454481,-1.347513205,4.431642042,-3.220081428
16.62131245,-14.79347082,7.515698522,-3.420403622,17.49884328,-0.290000123,20.12555247,-2.711135823,13.70729006,6.456880279,,5.680874173,-2.059044989,2.892901225,1.565926229,7.099081775,-2.455142229,3.377468883,1.710397306,1.831212234,-0.265079891,,,4.104975579,1.347871244,,,,,,,5.238702903,-0.51182928,5.214266845,-2.155559433,,,,,,,,30.64626067,14.02936666,5.621643272,1.346945775,,,10.47150765,0.160370069,,,,15.40897987,2.89857056,,,,,12.21636384,2.71605287,50.16891145,-1.275406904,4.302770031,-3.161691083
16.53523771,-14.69728801,7.396646206,-3.369639374,17.26948122,-0.249866697,20.04256438,-2.704810116,13.4217052,6.278637994,,5.494157651,-2.012549783,2.834669461,1.521345482,6.985885211,-2.457508125,3.302682303,1.667507469,1.770301924,-0.251086664,,,3.960912314,1.289122425,,,,,,,5.170442609,-0.496522636,5.133659446,-2.121911854,,,,,,,,30.55959666,13.93561067,5.591640065,1.344399939,,,10.29994382,0.135752868,,,,15.32510441,2.868783235,,,,,11.9687191,2.642906654,50.01184209,-1.203513644,4.173980759,-3.102999391
16.44979754,-14.60104612,7.285549609,-3.322451693,17.03667423,-0.210076572,19.95845515,-2.698896552,13.13405702,6.100806673,,5.311650086,-1.967769297,2.780303692,1.479774392,6.87179257,-2.459067925,3.230691006,1.625518052,1.710451571,-0.237423041,,,,,,,,,,,5.102972526,-0.48177833,5.054573244,-2.086975114,,,,,,,,30.47389432,13.84322553,5.563348316,1.342209538,,,10.12815166,0.111196805,,,,15.2406112,2.839102493,,,,,11.71674716,2.570590521,49.85331838,-1.131874475,4.045332301,-3.04404579
16.36502485,-14.50478904,7.182511356,-3.278843196,16.80051856,-0.17069289,19.87316391,-2.693395618,12.84465442,5.923543103,,5.133579944,-1.924759772,2.729785143,1.441186299,6.756878655,-2.459784276,3.161512526,1.584461211,1.651787075,-0.224099893,,,,,,,,,,,5.036293104,-0.467595403,4.977118779,-2.050841187,,,,,,,,30.38918078,13.75225899,5.536818533,1.340362881,,,9.956280468,0.086711127,,,,15.15546257,2.809521594,,,,,11.46057244,2.499159275,49.69332196,-1.060531147,3.916886929,-2.984871002
16.28095145,-14.40856,7.087590177,-3.238799235,16.56112768,-0.131776145,19.78662981,-2.688303377,12.55381464,5.74700506,,4.960167498,-1.883566476,2.683082412,1.405539018,6.641221449,-2.459620883,3.095156119,1.544367977,1.594435413,-0.211129707,,,,,,,,,,,4.970408687,-0.453971748,,,,,,,,,,30.30548324,13.66275889,5.512094575,1.338846035,,,9.784482437,0.062305158,,,,15.06961912,2.780032854,,,,,11.20033278,2.428667471,49.53183457,-0.989526039,3.788711613,-2.925517524
16.19760767,-14.31240138,7.000796903,-3.202287876,16.31863263,-0.093384211,19.69879146,-2.683611379,12.2618638,5.571351663,,,,2.640150355,1.372777426,6.524902359,-2.458543024,3.031623088,1.505268707,1.538525721,-0.198527368,,,,,,,,,,,4.905329562,-0.44090397,,,,,,,,,,30.22282933,13.5747731,5.489212047,1.337642249,,,9.61291243,0.037988249,,,,14.98304024,2.750627686,,,,,10.93617945,2.35916918,49.3688394,-0.918902076,3.660877886,-2.866029972
16.11502185,-14.21635446,6.922091091,-3.169259972,16.07318266,-0.05557262,19.60958684,-2.679306719,11.96913709,5.396743478,,,,2.600930399,1.34283581,6.408006534,-2.456518013,2.970907158,1.467193486,1.484189982,-0.186310803,,,,,,,,,,,4.841072122,-0.428387174,,,,,,,,,,30.14124709,13.48834926,5.468198318,1.336731046,,,9.441727212,0.013770004,,,,14.89568498,2.721296682,,,,,10.66827718,2.290717723,49.20432202,-0.848702573,3.533461557,-2.806455282
16.03322042,-14.12045926,6.851377284,-3.139648442,15.82494557,-0.018394889,19.51895315,-2.675372113,11.67597847,5.223342204,,,,2.565351844,1.315638941,6.290623058,-2.453515597,2.912995051,1.430172168,1.431562427,-0.174501218,,,,,,,,,,,4.777657839,-0.416414848,,,,,,,,,,30.06076478,13.40353422,,,,,9.27108443,-0.010339278,,,,14.80751341,2.692029945,,,,,10.3968039,2.223365391,49.0382707,-0.778971106,3.406543,-2.746842908
15.95222827,-14.02475473,,,15.57410707,0.018097349,19.42682649,-2.671785982,11.38274017,5.051310167,,,,,,6.172844615,-2.449508467,2.857867435,1.394233914,1.380776916,-0.163122716,,,,,,,,,,,4.71511214,-0.404978811,,,,,,,,,,29.98141042,13.32037353,,,,,9.101142105,-0.034328198,,,,14.71848691,2.662817098,,,,,10.12195014,2.157163288,48.87067677,-0.709751553,3.280207852,-2.687244866
15.87206872,-13.92927907,,,15.32086983,0.053854492,19.33314182,-2.668522841,11.08978209,4.880809871,,,,,,6.054766678,-2.444472866,2.805499998,1.359406548,1.331962798,-0.152201267,,,,,,,,,,,4.65346376,-0.394069353,,,,,,,,,,29.90321114,13.23891101,,,,,8.932058735,-0.058183953,,,,14.62856725,2.633646823,,,,,9.843918151,2.092161396,48.70153535,-0.64108816,3.154547628,-2.627715276
15.79276293,-13.8340698,,,15.0654533,0.088829258,19.23783357,-2.665554228,10.79747137,4.712003694,,,,,,5.936486873,-2.438389003,2.755864346,1.32571598,1.285240728,-0.141763317,,,,,,,,,,,4.592744019,-0.38367582,,,,,,,,,,29.82619313,13.15918868,,,,,8.763993294,-0.081892114,,,,14.53771536,2.60450636,,,,,9.56292127,2.028408579,48.53084578,-0.573025443,3.029660376,-2.568309536
15.71432951,-13.73916394,,,14.80809376,0.122977088,19.14083688,-2.662849843,10.50618247,4.545053672,,,,,,5.818104941,-2.431241159,2.70892875,1.293185761,1.240719333,-0.131834354,,,,,,,,,,,4.532985708,-0.373787492,,,,,,,,,,29.75038247,13.08124709,,,,,8.597104941,-0.105436652,,,,14.44589071,2.575381392,,,,,9.279182964,1.965952325,48.35861167,-0.505608007,2.905651554,-2.509083624
15.63678456,-13.64459811,,,14.54904431,0.15625663,19.04208869,-2.660378327,10.21629766,4.380121378,,,,,,5.699723242,-2.423017676,2.664658707,1.261836832,1.198492697,-0.122437711,,,,,,,,,,,4.474222468,-0.364394097,,,,,,,,,,29.67580592,13.00512561,,,,,8.431553192,-0.128800221,,,,14.35305215,2.546256435,,,,,8.992935737,1.904838552,48.1848409,-0.438880439,2.782634349,-2.450093768
15.56014221,-13.55040846,,,14.28857481,0.188630191,18.94152825,-2.658107586,9.928207067,4.217367682,,,,,,5.581447424,-2.413710926,2.6230172,1.23168755,1.158638704,-0.113593728,,,,,,,,,,,4.416489355,-0.355485807,,,,,,,,,,29.60249099,12.93086262,,,,,8.267498552,-0.151964423,,,,14.25915914,2.51711545,,,,,8.704420708,1.845111919,48.00954585,-0.372887133,2.660728693,-2.391396392
15.48441509,-13.45663003,,,14.02697202,0.220064091,18.83909726,-2.656005002,9.642307448,4.056952194,,,,,,5.463386389,-2.403317128,2.583964718,1.202753868,1.121218492,-0.105319166,,,,,,,,,,,4.359823657,-0.347053189,,,,,,,,,,29.53046491,12.85849503,,,,,8.105102648,-0.174909873,,,,14.16417202,2.487942102,,,,,8.413887794,1.786816277,47.83274358,-0.307671999,2.540059644,-2.333048169
15.40961504,-13.36329586,,,13.76453975,0.250528928,18.7347399,-2.654037718,9.358998862,3.899032299,,,,,,5.345650885,-2.391835833,2.547458955,1.175049459,1.086276797,-0.097626715,,,,,,,,,,,4.304264611,-0.339087203,,,,,,,,,,29.45975354,12.78805783,,,,,7.944527344,-0.197616167,,,,14.06805167,2.458719696,,,,,8.12159609,1.729994623,47.65445601,-0.243278218,2.420756192,-2.275106165
15.33575442,-13.27043683,,,13.50159913,0.279999591,18.62840283,-2.652172938,9.078680616,3.743762003,,,,,,5.228351405,-2.379269272,2.513454377,1.1485857,1.053842656,-0.090524629,,,,,,,,,,,4.249852026,-0.331579118,,,,,,,,,,29.39038118,12.71958387,,,,,7.785933408,-0.220061895,,,,13.97075978,2.42943115,,,,,7.827815256,1.674689051,47.47471018,-0.179748116,2.302950331,-2.217628075
15.26284818,-13.17808234,,,13.23848829,0.308454826,18.52003495,-2.65037801,8.801748309,3.591290787,,,,,,5.111596666,-2.365622013,2.481902147,1.123371773,1.023930027,-0.084016566,,,,,,,,,,,4.196624493,-0.324520431,,,,,,,,,,29.32237125,12.65310376,,,,,7.629479361,-0.242224844,,,,13.87225947,2.400058927,,,,,7.532827584,1.620941004,47.29353745,-0.117123037,2.18677562,-2.160672143
15.1909157,-13.08626121,,,12.97556095,0.335876542,18.40958685,-2.648620243,8.528592604,3.441762816,,,,,,4.995492908,-2.350901142,2.452749756,1.099414874,0.996538108,-0.078101563,,,,,,,,,,,4.14461767,-0.317902831,,,,,,,,,,29.25574655,12.58864531,,,,,7.475320558,-0.264082404,,,,13.77251537,2.370584871,,,,,7.236928256,1.56879071,47.11097186,-0.055443265,2.07236549,-2.104296749
15.1199805,-12.99500179,,,12.71318458,0.362249232,18.29701043,-2.646866655,8.259599016,3.295316631,,,,,,4.880143567,-2.335116765,2.425939685,1.076720225,,,,,,,,,,,,,4.09386297,-0.311718138,,,,,,,,,,29.19052883,12.5262329,,,,,7.323608434,-0.285611905,,,,13.67149357,2.340990212,,,,,6.940423391,1.518275754,46.9270486,0.005251898,1.959852152,-2.048560108
15.0500689,-12.90433162,,,12.45173853,0.387559732,18.18225914,-2.645083898,7.995147757,3.152085023,,,,,,4.765649387,-2.318282316,2.401407893,1.055291048,,,,,,,,,,,,,4.044386681,-0.305958209,,,,,,,,,,29.12673854,12.46588738,,,,,7.174490312,-0.306790645,,,,13.56916159,2.311255765,,,,,6.64362803,1.469430289,46.74180359,0.06492415,1.849365898,-1.993520057
14.98120898,-12.8142771,,,12.19161165,0.411797222,18.06528863,-2.643238313,7.735612571,3.012194801,,,,,,4.652109453,-2.300414471,2.379082717,1.035128714,,,,,,,,,,,,,3.996209241,-0.300614845,,,,,,,,,,29.0643962,12.40762693,,,,,7.028109757,-0.327595725,,,,13.4654883,2.281362119,,,,,6.346865018,1.422285196,46.5552736,0.123536469,1.741033769,-1.939233392
14.91343027,-12.72486317,,,11.93320002,0.434953345,17.94605728,-2.64129602,7.481358133,2.875766541,,,,,,4.539622813,-2.281532979,2.358883694,1.016233064,,,,,,,,,,,,,3.949344712,-0.295679826,,,,,,,,,,29.00352449,12.35146835,,,,,6.884606705,-0.348003986,,,,13.36044367,2.251289733,,,,,6.050464235,1.376868357,46.36749689,0.181053485,1.634977869,-1.885754753
14.84676416,-12.63611331,,,11.67690592,0.457022329,17.82452635,-2.639222946,7.23273676,2.742914349,,,,,,4.428289804,-2.26166073,2.340720343,0.998602678,,,,,,,,,,,,,3.90380119,-0.291144998,,,,,,,,,,28.94414916,12.29742767,,,,,6.744116744,-0.367992094,,,,13.25399823,2.221019149,,,,,5.754761357,1.333204514,46.17851324,0.237441654,1.531314251,-1.833135893
14.78124399,-12.54804946,,,11.42313741,0.478001121,17.70065943,-2.63698475,6.990085347,2.613745338,,,,,,4.31821272,-2.240823868,,,,,,,,,,,,,,,3.859582684,-0.287002136,,,,,,,,,,28.88629845,12.24552007,,,,,6.606769814,-0.387536681,,,,13.14612251,2.190531441,,,,,5.460096264,1.291314791,45.98836257,0.292669298,1.430152254,-1.781426055
14.71690373,-12.46069156,,,11.17230765,0.497889614,17.57442155,-2.63454666,6.753722481,2.488358594,,,,,,4.209495759,-2.219051944,,,,,,,,,,,,,,,3.816691289,-0.283242586,,,,,,,,,,28.83000253,12.19575972,,,,,6.472689022,-0.40661457,,,,13.03678687,2.159808673,,,,,5.166812416,1.251216262,45.7970832,0.346706689,1.331593628,-1.730673059
14.65377569,-12.37405667,,,10.924834,0.516690901,17.44577807,-2.631873302,6.52394464,2.366843924,,,,,,4.102244011,-2.196378299,,,,,,,,,,,,,,,3.775128131,-0.279856933,,,,,,,,,,28.77529344,12.14815971,,,,,6.341989939,-0.425203081,,,,12.92596137,2.128834189,,,,,4.875257104,1.212921602,45.60471139,0.399526148,1.235731608,-1.680924193
14.59188888,-12.2881586,,,10.68113777,0.534411253,17.31469449,-2.628928621,6.301021221,2.249280678,,,,,,3.996561526,-2.172840562,,,,,,,,,,,,,,,3.734893164,-0.276834756,,,,,,,,,,28.72220504,12.10273168,,,,,6.214780397,-0.44328028,,,,12.81361557,2.097592654,,,,,4.585781188,1.176438768,45.41128186,0.451102119,,
14.53126822,-12.20300784,,,10.44164444,0.551059727,17.18113689,-2.625675985,6.085190261,2.135736822,,,,,,3.892549345,-2.14848074,,,,,,,,,,,,,,,3.695984882,-0.274164441,,,,,,,,,,28.67077259,12.05948538,,,,,6.091160693,-0.460825177,,,,12.6997188,2.066070092,,,,,4.298738309,1.141770879,45.21682826,0.501411285,,
14.47193406,-12.11861134,,,10.20678328,0.566647824,17.04507277,-2.622078433,5.876656188,2.026268363,,,,,,3.790304343,-2.123344916,,,,,,,,,,,,,,,3.658400528,-0.271833098,,,,,,,,,,28.6210328,12.01842831,,,,,5.971224089,-0.47781784,,,,12.58424124,2.034254237,,,,,4.01448405,1.10891626,45.02138319,0.550432695,,
14.41390227,-12.03497181,,,9.97698604,0.581189562,16.90647196,-2.618098906,5.675588244,1.920918714,,,,,,3.689918879,-2.097482822,,,,,,,,,,,,,,,3.622136817,-0.269826807,,,,,,,,,,28.57302427,11.97956571,,,,,5.855057345,-0.494239428,,,,12.46715514,2.002134979,,,,,3.733374688,1.077868438,44.8249784,0.598147714,,
14.3571851,-11.95208703,,,9.752685045,0.594701687,16.76530783,-2.613700663,5.482118615,1.819717826,,,,,,3.591480582,-2.070947463,,,,,,,,,,,,,,,3.587190889,-0.268131276,,,,,,,,,,28.52678792,11.94290036,,,,,5.742741049,-0.510072219,,,,12.34843536,1.969704561,,,,,3.455765493,1.048616176,44.62764525,0.644539808,,
14.30179257,-11.86994981,,,9.534310557,0.607203795,16.62155886,-2.608848256,5.29634146,1.722681641,,,,,,3.4950717,-2.043794656,,,,,,,,,,,,,,,3.553560892,-0.266732609,,,,,,,,,,28.48236656,11.90843208,,,,,5.634349566,-0.525299711,,,,12.22805853,1.936957447,,,,,3.182009433,1.021143649,44.42941561,0.689594392,,
14.24773311,-11.78854826,,,9.322287229,0.618718411,16.47521043,-2.603508879,5.118313587,1.629812267,,,,,,3.40076807,-2.016082354,,,,,,,,,,,,,,,3.521245376,-0.265617715,,,,,,,,,,28.43980354,11.87615675,,,,,5.529950472,-0.539906731,,,,12.10600163,1.903889855,,,,,,,44.23032244,0.733298877,,
14.19501286,-11.70786609,,,9.117029516,0.629270875,16.32625589,-2.597653369,,,,,,,,3.308638503,-1.987870189,,,,,,,,,,,,,,,3.49024169,-0.264774315,,,,,,,,,,28.3991413,11.84606546,,,,,5.429603708,-0.553879487,,,,11.98224067,1.87049925,,,,,,,44.03039965,0.775642731,,
14.14363388,-11.62788249,,,8.918936728,0.638889015,16.17469677,-2.591256585,,,,,,,,3.218745782,-1.959219798,,,,,,,,,,,,,,,3.460544685,-0.264190864,,,,,,,,,,28.36042028,11.81814366,,,,,5.333360834,-0.567205627,,,,11.85675098,1.83678431,,,,,,,43.82968196,0.816617383,,
14.09359224,-11.54857213,,,8.728388859,0.647602727,16.02054198,-2.584297388,,,,,,,,3.131149053,-1.9301956,,,,,,,,,,,,,,,3.432146148,-0.26385654,,,,,,,,,,28.32367857,11.79237069,,,,,5.241264454,-0.579874394,,,,11.72950891,1.802745433,,,,,,,43.62820501,0.856216069,,
14.04487695,-11.46990523,,,8.545743851,0.655443548,15.86380691,-2.576758407,,,,,,,,3.045905258,-1.900865133,,,,,,,,,,,,,,,3.405034418,-0.2637612,,,,,,,,,,28.28895178,11.76871933,,,,,5.153347793,-0.591877032,,,,11.6004936,1.768385132,,,,,,,43.42600586,0.894433783,,
13.99746936,-11.39184799,,,8.371335863,0.662444517,15.70451287,-2.568625726,,,,,,,,2.963067985,-1.871298589,,,,,,,,,,,,,,,3.379193981,-0.263895282,,,,,,,,,,28.25627252,11.74715554,,,,,5.069634497,-0.603207323,,,,11.46968783,1.733707963,,,,,,,43.22312302,0.931267343,,
13.95134224,-11.31436275,,,8.205472935,0.668640498,15.54268715,-2.559888636,,,,,,,,2.882684738,-1.841567868,,,,,,,,,,,,,,,3.35460515,-0.264249692,,,,,,,,,,28.22566938,11.72763787,,,,,4.99013855,-0.61386203,,,,11.33707792,1.698720135,,,,,,,43.01959621,0.966715392,,
13.90645736,-11.23740772,,,8.048432168,0.674068613,15.37836298,-2.550539359,,,,,,,,2.804794652,-1.811745726,,,,,,,,,,,,,,,3.331243925,-0.26481568,,,,,,,,,,28.19716564,11.71011666,,,,,4.914864275,-0.623841133,,,,11.20265331,1.663429057,,,,,,,42.81546592,1.000778229,,
13.86276318,-11.16093659,,,7.900452341,0.67876833,15.21157871,-2.540572672,,,,,,,,2.729427535,-1.781905403,,,,,,,,,,,,,,,3.309082273,-0.265584579,,,,,,,,,,28.17077853,11.69453343,,,,,4.843806391,-0.633147941,,,,11.06640679,1.627843273,,,,,,,42.6107726,1.033457627,,
13.82019454,-11.08489896,,,7.761725445,0.682781451,15.04237626,-2.529985431,,,,,,,,2.656603728,-1.752120566,,,,,,,,,,,,,,,,,,,,,,,,,,28.14651902,11.68082033,,,,,4.776950043,-0.641788998,,,,10.92833587,1.591972955,,,,,,,42.40555586,1.064756898,,
13.77867392,-11.00924137,,,,,14.87079981,-2.518776079,,,,,,,,2.586334347,-1.722465346,,,,,,,,,,,,,,,,,,,,,,,,,,28.12439192,11.66889984,,,,,4.714270672,-0.649773886,,,,10.78844411,1.555830482,,,,,,,42.19985412,1.094681137,,
13.7381124,-10.93390833,,,,,14.69689512,-2.506944237,,,,,,,,2.51862183,-1.693014392,,,,,,,,,,,,,,,,,,,,,,,,,,28.10439593,11.65868433,,,,,4.655733757,-0.657115128,,,,10.64674143,1.519430725,,,,,,,41.99370484,1.123237366,,
13.6984107,-10.85884306,,,,,14.52070957,-2.494490461,,,,,,,,2.453460685,-1.663842874,,,,,,,,,,,,,,,,,,,,,,,,,,,,,,,,4.601294517,-0.663828246,,,,10.50324265,1.482791132,,,,,,,41.78714506,1.15043442,,
13.65946099,-10.78398815,,,,,14.3422926,-2.481416143,,,,,,,,2.390838154,-1.635026302,,,,,,,,,,,,,,,,,,,,,,,,,,,,,,,,4.550897654,-0.669931876,,,,10.35796551,1.445931788,,,,,,,41.58021169,1.176282693,,
13.62114891,-10.70928561,,,,,14.16169653,-2.46772347,,,,,,,,2.330734543,-1.606640049,,,,,,,,,,,,,,,,,,,,,,,,,,,,,,,,4.504477089,-0.6754478,,,,10.21092962,1.40887553,,,,,,,41.37294042,1.20079391,,
13.58335508,-10.63467653,,,,,13.97897773,-2.453415473,,,,,,,,2.27312353,-1.578758462,,,,,,,,,,,,,,,,,,,,,,,,,,,,,,,,4.461955686,-0.680400764,,,,10.06215684,1.371648061,,,,,,,41.16536415,1.223981034,,
13.54595626,-10.56010097,,,,,13.79419779,-2.438496341,,,,,,,,2.217973013,-1.551453743,,,,,,,,,,,,,,,,,,,,,,,,,,,,,,,,4.423245141,-0.684818101,,,,9.911672175,1.334277909,,,,,,,40.95751178,1.245858271,,
13.50882626,-10.48549769,,,,,13.60742488,-2.422972096,,,,,,,,2.16524617,-1.524794968,,,,,,,,,,,,,,,,,,,,,,,,,,,,,,,,4.388245985,-0.688729109,,,,9.759504119,1.296796227,,,,,,,40.74940795,1.266441127,,
13.47183603,-10.41080373,,,,,13.41873491,-2.406851346,,,,,,,,2.114901373,-1.498847381,,,,,,,,,,,,,,,,,,,,,,,,,,,,,,,,,,,,,9.605684664,1.25923658,,,,,,,40.54107334,1.285746504,,
13.43485281,-10.33595437,,,,,13.2282122,-2.390145667,,,,,,,,2.066890537,-1.473671674,,,,,,,,,,,,,,,,,,,,,,,,,,,,,,,,,,,,,9.450249164,1.221634771,,,,,,,40.33252495,1.303792909,,
13.39774026,-10.26088389,,,,,13.03594917,-2.372869473,,,,,,,,2.021157297,-1.44932318,,,,,,,,,,,,,,,,,,,,,,,,,,,,,,,,,,,,,9.29323596,1.184028492,,,,,,,40.12377621,1.3206006,,
13.36036087,-10.1855265,,,,,12.84204519,-2.355039545,,,,,,,,1.977636629,-1.425851262,,,,,,,,,,,,,,,,,,,,,,,,,,,,,,,,,,,,,9.134685905,1.146456799,,,,,,,39.91483653,1.336191449,,
13.3225792,-10.10981731,,,,,12.64660577,-2.336674429,,,,,,,,1.936256432,-1.40329905,,,,,,,,,,,,,,,,,,,,,,,,,,,,,,,,,,,,,8.974642336,1.108959743,,,,,,,39.70571106,1.350588609,,
13.28426357,-10.03369274,,,,,12.44974219,-2.317793814,,,,,,,,1.896940677,-1.381703329,,,,,,,,,,,,,,,,,,,,,,,,,,,,,,,,,,,,,8.813151658,1.071578324,,,,,,,39.49640105,1.363816298,,
13.24528593,-9.957090344,,,,,12.25157125,-2.298417901,,,,,,,,1.859613014,-1.361094457,,,,,,,,,,,,,,,,,,,,,,,,,,,,,,,,,,,,,8.650264241,1.03435454,,,,,,,39.28690483,1.375899743,,
13.20552135,-9.879948274,,,,,12.05221508,-2.278566902,,,,,,,,1.824199741,-1.341496425,,,,,,,,,,,,,,,,,,,,,,,,,,,,,,,,,,,,,8.486035315,0.997331161,,,,,,,39.07721871,1.386865154,,
13.16484735,-9.802204439,,,,,11.85180132,-2.258260804,,,,,,,,1.790631582,-1.322926982,,,,,,,,,,,,,,,,,,,,,,,,,,,,,,,,,,,,,8.320525335,0.960551195,,,,,,,38.86733728,1.396739743,,
13.12314338,-9.723796108,,,,,11.65046336,-2.237519336,,,,,,,,,,,,,,,,,,,,,,,,,,,,,,,,,,,,,,,,,,,,,,8.153799512,0.924057318,,,,,,,38.6572534,1.405551779,,
13.08029074,-9.644660082,,,,,11.44834052,-2.216362022,,,,,,,,,,,,,,,,,,,,,,,,,,,,,,,,,,,,,,,,,,,,,,7.985927096,0.887891545,,,,,,,38.44695813,1.413330536,,
13.03617293,-9.564733111,,,,,11.24557815,-2.194808275,,,,,,,,,,,,,,,,,,,,,,,,,,,,,,,,,,,,,,,,,,,,,,7.816981213,0.852094987,,,,,,,38.23644101,1.420106073,,
12.99067597,-9.483952338,,,,,11.04232758,-2.172877397,,,,,,,,,,,,,,,,,,,,,,,,,,,,,,,,,,,,,,,,,,,,,,7.647039476,0.816707637,,,,,,,38.02569071,1.425908913,,
12.9436885,-9.40225566,,,,,10.83874555,-2.150588401,,,,,,,,,,,,,,,,,,,,,,,,,,,,,,,,,,,,,,,,,,,,,,7.476185092,0.781768284,,,,,,,37.8146955,1.430769828,,
12.89510163,-9.319581996,,,,,10.63499385,-2.127959874,,,,,,,,,,,,,,,,,,,,,,,,,,,,,,,,,,,,,,,,,,,,,,7.304508174,0.747314515,,,,,,,37.60344344,1.434719883,,
12.84480888,-9.235871541,,,,,10.43123948,-2.105010104,,,,,,,,,,,,,,,,,,,,,,,,,,,,,,,,,,,,,,,,,,,,,,7.132107017,0.713382566,,,,,,,37.39192169,1.437790681,,
12.79270639,-9.151066077,,,,,10.22765548,-2.081757376,,,,,,,,,,,,,,,,,,,,,,,,,,,,,,,,,,,,,,,,,,,,,,6.959088658,0.68000695,,,,,,,37.18011541,1.440014463,,
12.73869333,-9.065109444,,,,,10.02442149,-2.058220403,,,,,,,,,,,,,,,,,,,,,,,,,,,,,,,,,,,,,,,,,,,,,,6.785568377,0.647220002,,,,,,,36.96800713,1.441423915,,
12.68267232,-8.977948074,,,,,9.821723576,-2.034418763,,,,,,,,,,,,,,,,,,,,,,,,,,,,,,,,,,,,,,,,,,,,,,6.611668774,0.6150515,,,,,,,36.75557719,1.442051912,,
12.62454947,-8.889531159,,,,,9.619753642,-2.010373065,,,,,,,,,,,,,,,,,,,,,,,,,,,,,,,,,,,,,,,,,,,,,,6.437519252,0.583528336,,,,,,,36.54280497,1.441931389,,
12.564234,-8.799810462,,,,,9.418708763,-1.986104865,,,,,,,,,,,,,,,,,,,,,,,,,,,,,,,,,,,,,,,,,,,,,,6.263255965,0.552674334,,,,,,,36.32966967,1.441095374,,
12.50163781,-8.708740268,,,,,9.218790352,-1.961636597,,,,,,,,,,,,,,,,,,,,,,,,,,,,,,,,,,,,,,,,,,,,,,6.089021636,0.522510324,,,,,,,36.11615031,1.43957711,,
12.43667497,-8.616277699,,,,,9.020203398,-1.936991609,,,,,,,,,,,,,,,,,,,,,,,,,,,,,,,,,,,,,,,,,,,,,,5.914965163,0.493054349,,,,,,,35.90222497,1.437410183,,
12.36926141,-8.522383179,,,,,8.823155936,-1.91219418,,,,,,,,,,,,,,,,,,,,,,,,,,,,,,,,,,,,,,,,,,,,,,5.741241281,0.464321708,,,,,,,35.68786964,1.434628549,,
12.29931459,-8.427020829,,,,,8.627858241,-1.887269312,,,,,,,,,,,,,,,,,,,,,,,,,,,,,,,,,,,,,,,,,,,,,,5.568010021,0.43632467,,,,,,,35.47305765,1.431266449,,
12.22675302,-8.330158527,,,,,8.434521922,-1.862242349,,,,,,,,,,,,,,,,,,,,,,,,,,,,,,,,,,,,,,,,,,,,,,5.395435991,0.409072009,,,,,,,35.25775994,1.427358315,,
12.15149613,-8.231767499,,,,,8.243359715,-1.837138746,,,,,,,,,,,,,,,,,,,,,,,,,,,,,,,,,,,,,,,,,,,,,,5.223688155,0.382568697,,,,,,,35.04194568,1.422938707,,
12.07346567,-8.131821676,,,,,8.054586083,-1.811984199,,,,,,,,,,,,,,,,,,,,,,,,,,,,,,,,,,,,,,,,,,,,,,5.052939758,0.356815807,,,,,,,34.82558322,1.418042305,,
11.99258791,-8.0302973,,,,,7.868418162,-1.786804934,,,,,,,,,,,,,,,,,,,,,,,,,,,,,,,,,,,,,,,,,,,,,,4.883367242,0.331810368,,,,,,,34.60864104,1.412703876,,
11.90879546,-7.927172982,,,,,7.68507662,-1.761627996,,,,,,,,,,,,,,,,,,,,,,,,,,,,,,,,,,,,,,,,,,,,,,4.715148273,0.307545229,,,,,,,34.39108871,1.406958222,,
11.82202837,-7.822430012,,,,,7.504786004,-1.736481714,,,,,,,,,,,,,,,,,,,,,,,,,,,,,,,,,,,,,,,,,,,,,,4.548460637,0.284009136,,,,,,,34.17289723,1.40084018,,
11.73223411,-7.71605266,,,,,7.327774176,-1.711396309,,,,,,,,,,,,,,,,,,,,,,,,,,,,,,,,,,,,,,,,,,,,,,4.383483083,0.261187093,,,,,,,33.95403934,1.394384715,,
11.63936707,-7.60802859,,,,,7.154270892,-1.686404271,,,,,,,,,,,,,,,,,,,,,,,,,,,,,,,,,,,,,,,,,,,,,,4.220397626,0.239061108,,,,,,,33.73448972,1.387626973,,
11.54338826,-7.498349539,,,,,6.984505793,-1.661540276,,,,,,,,,,,,,,,,,,,,,,,,,,,,,,,,,,,,,,,,,,,,,,4.059391749,0.217611209,,,,,,,33.51422539,1.380602246,,
11.4442654,-7.387012076,,,,,6.818705879,-1.636840719,,,,,,,,,,,,,,,,,,,,,,,,,,,,,,,,,,,,,,,,,,,,,,3.900658811,0.196816282,,,,,,,33.29322653,1.373345951,,
11.34197314,-7.274018191,,,,,6.657092328,-1.612343033,,,,,,,,,,,,,,,,,,,,,,,,,,,,,,,,,,,,,,,,,,,,,,,,,,,,,,33.07147753,1.365893554,,
11.23649344,-7.159375697,,,,,6.499876667,-1.588084878,,,,,,,,,,,,,,,,,,,,,,,,,,,,,,,,,,,,,,,,,,,,,,,,,,,,,,32.84896724,1.358280291,,
11.12781662,-7.043098482,,,,,6.347256535,-1.564103488,,,,,,,,,,,,,,,,,,,,,,,,,,,,,,,,,,,,,,,,,,,,,,,,,,,,,,32.62568838,1.350540713,,
11.01594237,-6.92520669,,,,,6.199411408,-1.54043541,,,,,,,,,,,,,,,,,,,,,,,,,,,,,,,,,,,,,,,,,,,,,,,,,,,,,,32.40163675,1.342708481,,
10.9008799,-6.805726815,,,,,6.056498899,-1.51711661,,,,,,,,,,,,,,,,,,,,,,,,,,,,,,,,,,,,,,,,,,,,,,,,,,,,,,32.17681092,1.334816547,,
10.78264754,-6.684691696,,,,,5.918652713,-1.494182707,,,,,,,,,,,,,,,,,,,,,,,,,,,,,,,,,,,,,,,,,,,,,,,,,,,,,,31.95121193,1.326897269,,
10.66127253,-6.562140578,,,,,5.785982465,-1.471669196,,,,,,,,,,,,,,,,,,,,,,,,,,,,,,,,,,,,,,,,,,,,,,,,,,,,,,31.72484295,1.318982198,,
10.53679095,-6.438119263,,,,,5.658574624,-1.449611721,,,,,,,,,,,,,,,,,,,,,,,,,,,,,,,,,,,,,,,,,,,,,,,,,,,,,,31.49770906,1.311101883,,
10.40924774,-6.312680257,,,,,5.536493809,-1.428046426,,,,,,,,,,,,,,,,,,,,,,,,,,,,,,,,,,,,,,,,,,,,,,,,,,,,,,31.26981742,1.303285935,,
10.27869756,-6.185883002,,,,,5.419783898,-1.407010243,,,,,,,,,,,,,,,,,,,,,,,,,,,,,,,,,,,,,,,,,,,,,,,,,,,,,,31.0411773,1.295563079,,
10.14520587,-6.057794186,,,,,5.308468928,-1.386541033,,,,,,,,,,,,,,,,,,,,,,,,,,,,,,,,,,,,,,,,,,,,,,,,,,,,,,30.81179932,1.287961021,,
10.00884948,-5.928487944,,,,,5.202553806,-1.366677505,,,,,,,,,,,,,,,,,,,,,,,,,,,,,,,,,,,,,,,,,,,,,,,,,,,,,,30.58169415,1.2805064,,
9.86971593,-5.79804594,,,,,5.102023993,-1.347458538,,,,,,,,,,,,,,,,,,,,,,,,,,,,,,,,,,,,,,,,,,,,,,,,,,,,,,30.35087157,1.27322493,,
9.727902924,-5.666557477,,,,,5.006843701,-1.328921638,,,,,,,,,,,,,,,,,,,,,,,,,,,,,,,,,,,,,,,,,,,,,,,,,,,,,,30.11934054,1.266141559,,
9.583517616,-5.534119637,,,,,4.916953997,-1.311101245,,,,,,,,,,,,,,,,,,,,,,,,,,,,,,,,,,,,,,,,,,,,,,,,,,,,,,29.88710997,1.259280546,,
9.436676036,-5.400837559,,,,,4.832272573,-1.294027769,,,,,,,,,,,,,,,,,,,,,,,,,,,,,,,,,,,,,,,,,,,,,,,,,,,,,,29.65418946,1.252665493,,
9.287502829,-5.266824854,,,,,4.752695679,-1.277727175,,,,,,,,,,,,,,,,,,,,,,,,,,,,,,,,,,,,,,,,,,,,,,,,,,,,,,29.4205895,1.246319354,,
9.136130938,-5.132203737,,,,,4.678102387,-1.262220501,,,,,,,,,,,,,,,,,,,,,,,,,,,,,,,,,,,,,,,,,,,,,,,,,,,,,,29.18632143,1.240264424,,
8.982701113,-4.997104399,,,,,,,,,,,,,,,,,,,,,,,,,,,,,,,,,,,,,,,,,,,,,,,,,,,,,,,,,,,,28.95139762,1.234522356,,
8.827362145,-4.861663973,,,,,,,,,,,,,,,,,,,,,,,,,,,,,,,,,,,,,,,,,,,,,,,,,,,,,,,,,,,,28.71583176,1.229114175,,
8.670272066,-4.726025849,,,,,,,,,,,,,,,,,,,,,,,,,,,,,,,,,,,,,,,,,,,,,,,,,,,,,,,,,,,,28.47963872,1.22406026,,
8.511599253,-4.590339654,,,,,,,,,,,,,,,,,,,,,,,,,,,,,,,,,,,,,,,,,,,,,,,,,,,,,,,,,,,,28.24283438,1.219380275,,
8.351522476,-4.454761532,,,,,,,,,,,,,,,,,,,,,,,,,,,,,,,,,,,,,,,,,,,,,,,,,,,,,,,,,,,,28.00543584,1.215093011,,
8.190229838,-4.319454279,,,,,,,,,,,,,,,,,,,,,,,,,,,,,,,,,,,,,,,,,,,,,,,,,,,,,,,,,,,,27.76746182,1.211216162,,
8.027917326,-4.184587217,,,,,,,,,,,,,,,,,,,,,,,,,,,,,,,,,,,,,,,,,,,,,,,,,,,,,,,,,,,,27.52893263,1.207766203,,
7.864788079,-4.05033597,,,,,,,,,,,,,,,,,,,,,,,,,,,,,,,,,,,,,,,,,,,,,,,,,,,,,,,,,,,,27.28986915,1.204758513,,
7.701052751,-3.916882231,,,,,,,,,,,,,,,,,,,,,,,,,,,,,,,,,,,,,,,,,,,,,,,,,,,,,,,,,,,,27.05029174,1.202207493,,
7.536929636,-3.784413142,,,,,,,,,,,,,,,,,,,,,,,,,,,,,,,,,,,,,,,,,,,,,,,,,,,,,,,,,,,,26.81021982,1.200126482,,
7.372643768,-3.653119952,,,,,,,,,,,,,,,,,,,,,,,,,,,,,,,,,,,,,,,,,,,,,,,,,,,,,,,,,,,,26.56967233,1.198527691,,
7.208426398,-3.523196226,,,,,,,,,,,,,,,,,,,,,,,,,,,,,,,,,,,,,,,,,,,,,,,,,,,,,,,,,,,,26.32866816,1.197422242,,
7.04451575,-3.394836279,,,,,,,,,,,,,,,,,,,,,,,,,,,,,,,,,,,,,,,,,,,,,,,,,,,,,,,,,,,,26.08722596,1.196820062,,
6.881157772,-3.268234175,,,,,,,,,,,,,,,,,,,,,,,,,,,,,,,,,,,,,,,,,,,,,,,,,,,,,,,,,,,,25.84536318,1.19672965,,
6.718605699,-3.143583093,,,,,,,,,,,,,,,,,,,,,,,,,,,,,,,,,,,,,,,,,,,,,,,,,,,,,,,,,,,,25.60309495,1.197157945,,
6.557118848,-3.02107468,,,,,,,,,,,,,,,,,,,,,,,,,,,,,,,,,,,,,,,,,,,,,,,,,,,,,,,,,,,,25.36043358,1.198110354,,
6.396961843,-2.900898165,,,,,,,,,,,,,,,,,,,,,,,,,,,,,,,,,,,,,,,,,,,,,,,,,,,,,,,,,,,,25.11738884,1.199590726,,
6.238404708,-2.783239147,,,,,,,,,,,,,,,,,,,,,,,,,,,,,,,,,,,,,,,,,,,,,,,,,,,,,,,,,,,,24.87396869,1.201601254,,
6.081722979,-2.668278005,,,,,,,,,,,,,,,,,,,,,,,,,,,,,,,,,,,,,,,,,,,,,,,,,,,,,,,,,,,,24.63017989,1.204142442,,
5.927196626,-2.556188103,,,,,,,,,,,,,,,,,,,,,,,,,,,,,,,,,,,,,,,,,,,,,,,,,,,,,,,,,,,,24.38602856,1.207213192,,
5.775107584,-2.447134127,,,,,,,,,,,,,,,,,,,,,,,,,,,,,,,,,,,,,,,,,,,,,,,,,,,,,,,,,,,,24.1415204,1.210810959,,
5.625736205,-2.341270646,,,,,,,,,,,,,,,,,,,,,,,,,,,,,,,,,,,,,,,,,,,,,,,,,,,,,,,,,,,,23.89666047,1.214931892,,
5.479357873,-2.238740743,,,,,,,,,,,,,,,,,,,,,,,,,,,,,,,,,,,,,,,,,,,,,,,,,,,,,,,,,,,,23.65145292,1.219570861,,
5.33624195,-2.139674988,,,,,,,,,,,,,,,,,,,,,,,,,,,,,,,,,,,,,,,,,,,,,,,,,,,,,,,,,,,,23.40590125,1.224721325,,
5.196652661,-2.044190942,,,,,,,,,,,,,,,,,,,,,,,,,,,,,,,,,,,,,,,,,,,,,,,,,,,,,,,,,,,,23.16000868,1.230375135,,
5.060848506,-1.952392476,,,,,,,,,,,,,,,,,,,,,,,,,,,,,,,,,,,,,,,,,,,,,,,,,,,,,,,,,,,,22.91377863,1.236522405,,
4.929079078,-1.864368205,,,,,,,,,,,,,,,,,,,,,,,,,,,,,,,,,,,,,,,,,,,,,,,,,,,,,,,,,,,,22.66721476,1.243151468,,
4.801580851,-1.780189523,,,,,,,,,,,,,,,,,,,,,,,,,,,,,,,,,,,,,,,,,,,,,,,,,,,,,,,,,,,,22.4203209,1.250248889,,
,,,,,,,,,,,,,,,,,,,,,,,,,,,,,,,,,,,,,,,,,,,,,,,,,,,,,,,,,,,,,22.17310089,1.257799503,,
,,,,,,,,,,,,,,,,,,,,,,,,,,,,,,,,,,,,,,,,,,,,,,,,,,,,,,,,,,,,,21.92555865,1.265786442,,
,,,,,,,,,,,,,,,,,,,,,,,,,,,,,,,,,,,,,,,,,,,,,,,,,,,,,,,,,,,,,21.67769837,1.27419114,,
,,,,,,,,,,,,,,,,,,,,,,,,,,,,,,,,,,,,,,,,,,,,,,,,,,,,,,,,,,,,,21.42952447,1.282993376,,
,,,,,,,,,,,,,,,,,,,,,,,,,,,,,,,,,,,,,,,,,,,,,,,,,,,,,,,,,,,,,21.18104125,1.292171516,,
,,,,,,,,,,,,,,,,,,,,,,,,,,,,,,,,,,,,,,,,,,,,,,,,,,,,,,,,,,,,,20.9322523,1.301702828,,
,,,,,,,,,,,,,,,,,,,,,,,,,,,,,,,,,,,,,,,,,,,,,,,,,,,,,,,,,,,,,20.68316004,1.311563627,,
,,,,,,,,,,,,,,,,,,,,,,,,,,,,,,,,,,,,,,,,,,,,,,,,,,,,,,,,,,,,,20.43376553,1.321729201,,
,,,,,,,,,,,,,,,,,,,,,,,,,,,,,,,,,,,,,,,,,,,,,,,,,,,,,,,,,,,,,20.18406816,1.332173773,,
,,,,,,,,,,,,,,,,,,,,,,,,,,,,,,,,,,,,,,,,,,,,,,,,,,,,,,,,,,,,,19.93406523,1.342870654,,
,,,,,,,,,,,,,,,,,,,,,,,,,,,,,,,,,,,,,,,,,,,,,,,,,,,,,,,,,,,,,19.68375238,1.35379248,,
,,,,,,,,,,,,,,,,,,,,,,,,,,,,,,,,,,,,,,,,,,,,,,,,,,,,,,,,,,,,,19.43312474,1.364911387,,
,,,,,,,,,,,,,,,,,,,,,,,,,,,,,,,,,,,,,,,,,,,,,,,,,,,,,,,,,,,,,19.18217871,1.376199134,,
,,,,,,,,,,,,,,,,,,,,,,,,,,,,,,,,,,,,,,,,,,,,,,,,,,,,,,,,,,,,,18.93091338,1.387627216,,
,,,,,,,,,,,,,,,,,,,,,,,,,,,,,,,,,,,,,,,,,,,,,,,,,,,,,,,,,,,,,18.67933155,1.399166997,,
,,,,,,,,,,,,,,,,,,,,,,,,,,,,,,,,,,,,,,,,,,,,,,,,,,,,,,,,,,,,,18.42743991,1.410789814,,
,,,,,,,,,,,,,,,,,,,,,,,,,,,,,,,,,,,,,,,,,,,,,,,,,,,,,,,,,,,,,18.17524863,1.422466982,,
,,,,,,,,,,,,,,,,,,,,,,,,,,,,,,,,,,,,,,,,,,,,,,,,,,,,,,,,,,,,,17.92277126,1.434169727,,
,,,,,,,,,,,,,,,,,,,,,,,,,,,,,,,,,,,,,,,,,,,,,,,,,,,,,,,,,,,,,17.67002553,1.445869152,,
,,,,,,,,,,,,,,,,,,,,,,,,,,,,,,,,,,,,,,,,,,,,,,,,,,,,,,,,,,,,,17.41703435,1.457536298,,
,,,,,,,,,,,,,,,,,,,,,,,,,,,,,,,,,,,,,,,,,,,,,,,,,,,,,,,,,,,,,17.16382613,1.4691422,,
,,,,,,,,,,,,,,,,,,,,,,,,,,,,,,,,,,,,,,,,,,,,,,,,,,,,,,,,,,,,,16.91043455,1.4806578,,
,,,,,,,,,,,,,,,,,,,,,,,,,,,,,,,,,,,,,,,,,,,,,,,,,,,,,,,,,,,,,16.65689823,1.49205379,,
,,,,,,,,,,,,,,,,,,,,,,,,,,,,,,,,,,,,,,,,,,,,,,,,,,,,,,,,,,,,,16.4032604,1.503300609,,
,,,,,,,,,,,,,,,,,,,,,,,,,,,,,,,,,,,,,,,,,,,,,,,,,,,,,,,,,,,,,16.14956876,1.514368698,,
,,,,,,,,,,,,,,,,,,,,,,,,,,,,,,,,,,,,,,,,,,,,,,,,,,,,,,,,,,,,,15.89587544,1.5252289,,
,,,,,,,,,,,,,,,,,,,,,,,,,,,,,,,,,,,,,,,,,,,,,,,,,,,,,,,,,,,,,15.64223689,1.535852773,,
,,,,,,,,,,,,,,,,,,,,,,,,,,,,,,,,,,,,,,,,,,,,,,,,,,,,,,,,,,,,,15.38871385,1.546212672,,
,,,,,,,,,,,,,,,,,,,,,,,,,,,,,,,,,,,,,,,,,,,,,,,,,,,,,,,,,,,,,15.13537099,1.556281676,,
,,,,,,,,,,,,,,,,,,,,,,,,,,,,,,,,,,,,,,,,,,,,,,,,,,,,,,,,,,,,,14.88227636,1.566033608,,
,,,,,,,,,,,,,,,,,,,,,,,,,,,,,,,,,,,,,,,,,,,,,,,,,,,,,,,,,,,,,14.62950086,1.575443269,,
,,,,,,,,,,,,,,,,,,,,,,,,,,,,,,,,,,,,,,,,,,,,,,,,,,,,,,,,,,,,,14.37711817,1.58448669,,
,,,,,,,,,,,,,,,,,,,,,,,,,,,,,,,,,,,,,,,,,,,,,,,,,,,,,,,,,,,,,14.12520529,1.5931412,,
,,,,,,,,,,,,,,,,,,,,,,,,,,,,,,,,,,,,,,,,,,,,,,,,,,,,,,,,,,,,,13.87384321,1.601385314,,
,,,,,,,,,,,,,,,,,,,,,,,,,,,,,,,,,,,,,,,,,,,,,,,,,,,,,,,,,,,,,13.62311714,1.609198581,,
,,,,,,,,,,,,,,,,,,,,,,,,,,,,,,,,,,,,,,,,,,,,,,,,,,,,,,,,,,,,,13.37311633,1.616561545,,
,,,,,,,,,,,,,,,,,,,,,,,,,,,,,,,,,,,,,,,,,,,,,,,,,,,,,,,,,,,,,13.12393409,1.623455866,,
,,,,,,,,,,,,,,,,,,,,,,,,,,,,,,,,,,,,,,,,,,,,,,,,,,,,,,,,,,,,,12.87566817,1.629864498,,
,,,,,,,,,,,,,,,,,,,,,,,,,,,,,,,,,,,,,,,,,,,,,,,,,,,,,,,,,,,,,12.62842128,1.635771725,,
,,,,,,,,,,,,,,,,,,,,,,,,,,,,,,,,,,,,,,,,,,,,,,,,,,,,,,,,,,,,,12.38230177,1.641163081,,
,,,,,,,,,,,,,,,,,,,,,,,,,,,,,,,,,,,,,,,,,,,,,,,,,,,,,,,,,,,,,12.13742351,1.646025319,,
,,,,,,,,,,,,,,,,,,,,,,,,,,,,,,,,,,,,,,,,,,,,,,,,,,,,,,,,,,,,,11.89390473,1.650346572,,
,,,,,,,,,,,,,,,,,,,,,,,,,,,,,,,,,,,,,,,,,,,,,,,,,,,,,,,,,,,,,11.65186631,1.654116701,,
,,,,,,,,,,,,,,,,,,,,,,,,,,,,,,,,,,,,,,,,,,,,,,,,,,,,,,,,,,,,,11.4114309,1.657327583,,
,,,,,,,,,,,,,,,,,,,,,,,,,,,,,,,,,,,,,,,,,,,,,,,,,,,,,,,,,,,,,11.17272307,1.659973207,,
,,,,,,,,,,,,,,,,,,,,,,,,,,,,,,,,,,,,,,,,,,,,,,,,,,,,,,,,,,,,,10.93586961,1.662049572,,
,,,,,,,,,,,,,,,,,,,,,,,,,,,,,,,,,,,,,,,,,,,,,,,,,,,,,,,,,,,,,10.70099923,1.663554554,,
,,,,,,,,,,,,,,,,,,,,,,,,,,,,,,,,,,,,,,,,,,,,,,,,,,,,,,,,,,,,,10.46824181,1.664487854,,
,,,,,,,,,,,,,,,,,,,,,,,,,,,,,,,,,,,,,,,,,,,,,,,,,,,,,,,,,,,,,10.23772772,1.66485106,,
,,,,,,,,,,,,,,,,,,,,,,,,,,,,,,,,,,,,,,,,,,,,,,,,,,,,,,,,,,,,,10.00958752,1.664647755,,
,,,,,,,,,,,,,,,,,,,,,,,,,,,,,,,,,,,,,,,,,,,,,,,,,,,,,,,,,,,,,9.783951578,1.663883609,,
,,,,,,,,,,,,,,,,,,,,,,,,,,,,,,,,,,,,,,,,,,,,,,,,,,,,,,,,,,,,,9.56094948,1.662566323,,
,,,,,,,,,,,,,,,,,,,,,,,,,,,,,,,,,,,,,,,,,,,,,,,,,,,,,,,,,,,,,9.340709004,1.660705487,,
,,,,,,,,,,,,,,,,,,,,,,,,,,,,,,,,,,,,,,,,,,,,,,,,,,,,,,,,,,,,,9.123355801,1.658312549,,
,,,,,,,,,,,,,,,,,,,,,,,,,,,,,,,,,,,,,,,,,,,,,,,,,,,,,,,,,,,,,8.909014156,1.65540087,,
,,,,,,,,,,,,,,,,,,,,,,,,,,,,,,,,,,,,,,,,,,,,,,,,,,,,,,,,,,,,,8.697807955,1.651985658,,
,,,,,,,,,,,,,,,,,,,,,,,,,,,,,,,,,,,,,,,,,,,,,,,,,,,,,,,,,,,,,8.489861061,1.648083655,,
,,,,,,,,,,,,,,,,,,,,,,,,,,,,,,,,,,,,,,,,,,,,,,,,,,,,,,,,,,,,,8.285297303,1.643712735,,
,,,,,,,,,,,,,,,,,,,,,,,,,,,,,,,,,,,,,,,,,,,,,,,,,,,,,,,,,,,,,8.084240639,1.638891684,,
,,,,,,,,,,,,,,,,,,,,,,,,,,,,,,,,,,,,,,,,,,,,,,,,,,,,,,,,,,,,,7.886815432,1.633640234,,
,,,,,,,,,,,,,,,,,,,,,,,,,,,,,,,,,,,,,,,,,,,,,,,,,,,,,,,,,,,,,7.693146719,1.62797913,,
,,,,,,,,,,,,,,,,,,,,,,,,,,,,,,,,,,,,,,,,,,,,,,,,,,,,,,,,,,,,,7.503360537,1.621930221,,
,,,,,,,,,,,,,,,,,,,,,,,,,,,,,,,,,,,,,,,,,,,,,,,,,,,,,,,,,,,,,7.317583964,1.615516606,,
,,,,,,,,,,,,,,,,,,,,,,,,,,,,,,,,,,,,,,,,,,,,,,,,,,,,,,,,,,,,,7.135944344,1.608762638,,
,,,,,,,,,,,,,,,,,,,,,,,,,,,,,,,,,,,,,,,,,,,,,,,,,,,,,,,,,,,,,6.958568049,1.601693705,,
,,,,,,,,,,,,,,,,,,,,,,,,,,,,,,,,,,,,,,,,,,,,,,,,,,,,,,,,,,,,,6.785579824,1.594335982,,
,,,,,,,,,,,,,,,,,,,,,,,,,,,,,,,,,,,,,,,,,,,,,,,,,,,,,,,,,,,,,6.617102638,1.586716341,,
,,,,,,,,,,,,,,,,,,,,,,,,,,,,,,,,,,,,,,,,,,,,,,,,,,,,,,,,,,,,,6.453257044,1.57886242,,
,,,,,,,,,,,,,,,,,,,,,,,,,,,,,,,,,,,,,,,,,,,,,,,,,,,,,,,,,,,,,6.294159758,1.570802734,,
,,,,,,,,,,,,,,,,,,,,,,,,,,,,,,,,,,,,,,,,,,,,,,,,,,,,,,,,,,,,,6.139922371,1.562566645,,